rid,rank,control_id,score,is_gold
0,1,49,0.49588996171951294,0
0,2,65,0.4777142107486725,1
0,3,1,0.45065248012542725,1
0,4,8,0.43555933237075806,0
0,5,90,0.4304118752479553,0
0,6,11,0.4277837872505188,0
0,7,0,0.4235690236091614,1
0,8,87,0.4088451862335205,0
0,9,20,0.3980134129524231,0
0,10,69,0.39042454957962036,0
0,11,4,0.37071692943573,0
0,12,25,0.33620089292526245,0
0,13,72,0.335507333278656,0
0,14,74,0.32310354709625244,0
0,15,40,0.31720155477523804,0
0,16,79,0.316087007522583,0
0,17,104,0.3141497075557709,0
0,18,22,0.30922022461891174,0
0,19,88,0.30539220571517944,0
0,20,9,0.29849255084991455,0
1,1,4,0.6440987586975098,1
1,2,3,0.5001561641693115,1
1,3,49,0.4892905056476593,0
1,4,101,0.4280950427055359,0
1,5,65,0.3788992166519165,0
1,6,72,0.3678818345069885,0
1,7,11,0.35368612408638,0
1,8,66,0.3142595589160919,1
1,9,90,0.30362755060195923,0
1,10,92,0.30080851912498474,0
1,11,77,0.2948237955570221,0
1,12,47,0.2934719920158386,0
1,13,28,0.28496450185775757,0
1,14,79,0.2830921709537506,0
1,15,103,0.28194528818130493,0
1,16,83,0.274897962808609,0
1,17,81,0.2739945650100708,0
1,18,29,0.2729957103729248,0
1,19,56,0.26480811834335327,0
1,20,57,0.26148998737335205,0
2,1,5,0.6023967266082764,1
2,2,6,0.5836338996887207,1
2,3,67,0.4375897943973541,1
2,4,35,0.411764532327652,0
2,5,19,0.4026559591293335,0
2,6,48,0.39140403270721436,0
2,7,3,0.3709230422973633,0
2,8,83,0.3561268448829651,0
2,9,61,0.33551883697509766,0
2,10,82,0.3341834545135498,0
2,11,62,0.3228563368320465,0
2,12,95,0.32064521312713623,0
2,13,11,0.3178347051143646,0
2,14,18,0.31006893515586853,0
2,15,72,0.30845391750335693,0
2,16,63,0.30609387159347534,0
2,17,45,0.3028963804244995,0
2,18,49,0.2896236777305603,0
2,19,47,0.27827244997024536,0
2,20,28,0.2774439752101898,0
3,1,11,0.4596956968307495,0
3,2,49,0.44720202684402466,0
3,3,54,0.3911937475204468,0
3,4,7,0.3877761662006378,1
3,5,85,0.37839144468307495,0
3,6,72,0.354958713054657,0
3,7,65,0.35155564546585083,0
3,8,45,0.34217169880867004,0
3,9,92,0.33477097749710083,0
3,10,81,0.3252125680446625,0
3,11,32,0.32231900095939636,0
3,12,6,0.3146683871746063,0
3,13,82,0.3139186203479767,0
3,14,4,0.30368682742118835,0
3,15,10,0.293339341878891,0
3,16,47,0.2930823564529419,0
3,17,8,0.2919275760650635,0
3,18,46,0.28969836235046387,0
3,19,27,0.2896397113800049,0
3,20,26,0.2871837615966797,0
4,1,49,0.5674948692321777,0
4,2,8,0.4771480858325958,1
4,3,11,0.45710116624832153,0
4,4,65,0.4051586985588074,0
4,5,4,0.35258662700653076,0
4,6,59,0.3352510929107666,0
4,7,72,0.3351285755634308,0
4,8,47,0.3276294469833374,0
4,9,27,0.32741034030914307,0
4,10,53,0.3160891830921173,0
4,11,36,0.30861830711364746,0
4,12,0,0.29809266328811646,0
4,13,74,0.29170358180999756,0
4,14,79,0.290578693151474,0
4,15,88,0.28821539878845215,0
4,16,105,0.2853657007217407,0
4,17,9,0.28337401151657104,0
4,18,81,0.2806950807571411,0
4,19,26,0.2793627381324768,0
4,20,25,0.2792297303676605,0
5,1,4,0.4795989394187927,0
5,2,3,0.4388578534126282,0
5,3,92,0.4378697872161865,0
5,4,9,0.42521506547927856,1
5,5,49,0.40336230397224426,0
5,6,11,0.39619821310043335,0
5,7,12,0.3919600248336792,0
5,8,103,0.3892401456832886,0
5,9,65,0.35542207956314087,0
5,10,18,0.3445999026298523,0
5,11,26,0.3429858088493347,0
5,12,101,0.3335374891757965,0
5,13,10,0.3335031270980835,0
5,14,57,0.3296474814414978,0
5,15,7,0.32699424028396606,0
5,16,81,0.3158079981803894,0
5,17,23,0.31462642550468445,0
5,18,8,0.30868256092071533,0
5,19,106,0.29796701669692993,0
5,20,61,0.29436594247817993,0
6,1,10,0.5608860850334167,1
6,2,49,0.518576979637146,0
6,3,50,0.4778021574020386,0
6,4,79,0.46136903762817383,0
6,5,72,0.4446592330932617,0
6,6,11,0.4243807792663574,0
6,7,9,0.41843846440315247,0
6,8,8,0.41551193594932556,0
6,9,81,0.4044750928878784,0
6,10,53,0.3913477063179016,0
6,11,65,0.37168073654174805,0
6,12,59,0.3634728789329529,0
6,13,70,0.3580205738544464,0
6,14,51,0.3376021385192871,0
6,15,47,0.3285640776157379,0
6,16,68,0.3259791433811188,0
6,17,69,0.3249431848526001,0
6,18,40,0.32334548234939575,0
6,19,84,0.32198140025138855,0
6,20,55,0.31611260771751404,0
7,1,11,0.6835494041442871,1
7,2,49,0.5080447793006897,0
7,3,27,0.445393443107605,0
7,4,22,0.43425044417381287,0
7,5,79,0.41802698373794556,0
7,6,65,0.3934239149093628,0
7,7,47,0.37919193506240845,0
7,8,7,0.3733088970184326,0
7,9,8,0.36671045422554016,0
7,10,25,0.36201101541519165,0
7,11,59,0.3612626791000366,0
7,12,43,0.3597568869590759,0
7,13,33,0.356105774641037,0
7,14,4,0.35414019227027893,0
7,15,50,0.3486427068710327,0
7,16,74,0.3413449823856354,0
7,17,88,0.34102004766464233,0
7,18,40,0.33933764696121216,0
7,19,60,0.3293016254901886,0
7,20,72,0.3226293921470642,0
8,1,78,0.4776039719581604,0
8,2,22,0.47187042236328125,0
8,3,13,0.4424862563610077,1
8,4,11,0.4241145849227905,0
8,5,30,0.41659414768218994,0
8,6,88,0.4104863405227661,0
8,7,74,0.4103260636329651,0
8,8,27,0.39765453338623047,0
8,9,9,0.3751652240753174,0
8,10,59,0.37281376123428345,0
8,11,36,0.37054961919784546,0
8,12,43,0.3680710196495056,0
8,13,60,0.36684662103652954,0
8,14,77,0.3611125946044922,0
8,15,8,0.3522701859474182,0
8,16,65,0.34325259923934937,0
8,17,50,0.3421424627304077,0
8,18,99,0.34179678559303284,0
8,19,104,0.33613961935043335,0
8,20,47,0.3343062996864319,0
9,1,14,0.4489721953868866,1
9,2,36,0.3962691128253937,0
9,3,27,0.37419068813323975,0
9,4,13,0.3611483871936798,0
9,5,12,0.3609253764152527,0
9,6,88,0.3591296076774597,0
9,7,47,0.35872602462768555,0
9,8,37,0.34392672777175903,0
9,9,15,0.34085050225257874,1
9,10,59,0.32330602407455444,0
9,11,70,0.323029100894928,0
9,12,22,0.3223077654838562,0
9,13,8,0.3197172284126282,0
9,14,24,0.3191809356212616,0
9,15,69,0.31369274854660034,1
9,16,55,0.30341705679893494,0
9,17,11,0.29968592524528503,0
9,18,95,0.2827345132827759,0
9,19,51,0.2751098871231079,0
9,20,10,0.2506987154483795,0
10,1,52,0.5652108192443848,0
10,2,16,0.4950534403324127,1
10,3,24,0.44055670499801636,0
10,4,19,0.357641339302063,0
10,5,37,0.32995471358299255,0
10,6,105,0.2925608456134796,0
10,7,70,0.2685204744338989,0
10,8,76,0.25521743297576904,0
10,9,25,0.24387307465076447,0
10,10,42,0.23994112014770508,0
10,11,17,0.2384435385465622,0
10,12,40,0.2362176775932312,0
10,13,36,0.23549586534500122,0
10,14,18,0.22368724644184113,0
10,15,14,0.21923395991325378,0
10,16,7,0.2190299928188324,0
10,17,77,0.21750974655151367,0
10,18,86,0.21539029479026794,0
10,19,67,0.2143949419260025,0
10,20,11,0.2130647599697113,0
11,1,11,0.49148961901664734,0
11,2,49,0.45450156927108765,0
11,3,86,0.42312994599342346,0
11,4,25,0.3864699602127075,0
11,5,40,0.36503857374191284,0
11,6,27,0.35455670952796936,0
11,7,4,0.3510095477104187,0
11,8,65,0.3429548144340515,0
11,9,1,0.3343775272369385,0
11,10,17,0.320695161819458,1
11,11,84,0.3194180727005005,1
11,12,79,0.31695836782455444,0
11,13,22,0.3164505660533905,0
11,14,2,0.3065027892589569,0
11,15,9,0.30521106719970703,0
11,16,88,0.2917889356613159,0
11,17,0,0.2901381254196167,0
11,18,7,0.288335919380188,0
11,19,31,0.286628782749176,0
11,20,104,0.2813308537006378,0
12,1,18,0.5081940293312073,1
12,2,56,0.4948313236236572,0
12,3,103,0.4639269709587097,0
12,4,44,0.44568300247192383,0
12,5,96,0.39227089285850525,0
12,6,98,0.36953437328338623,0
12,7,57,0.34373578429222107,0
12,8,92,0.33944904804229736,0
12,9,28,0.3254489302635193,0
12,10,94,0.32452836632728577,0
12,11,29,0.3018311858177185,0
12,12,62,0.3006509244441986,0
12,13,45,0.30012932419776917,0
12,14,19,0.2951659560203552,0
12,15,11,0.2945019602775574,0
12,16,65,0.29191160202026367,0
12,17,9,0.28953105211257935,0
12,18,101,0.2892709970474243,0
12,19,47,0.28810515999794006,0
12,20,79,0.28422778844833374,0
13,1,19,0.4958304762840271,1
13,2,48,0.4860345125198364,0
13,3,95,0.4484332799911499,0
13,4,71,0.4476660490036011,0
13,5,82,0.4444725513458252,0
13,6,70,0.4306407570838928,0
13,7,45,0.4012688398361206,0
13,8,63,0.3680492639541626,0
13,9,88,0.36633437871932983,0
13,10,72,0.3609559237957001,0
13,11,67,0.358604371547699,0
13,12,62,0.3539752662181854,0
13,13,6,0.33745041489601135,0
13,14,11,0.33616507053375244,0
13,15,76,0.33599185943603516,0
13,16,44,0.30533885955810547,0
13,17,24,0.30138981342315674,0
13,18,9,0.2973109483718872,0
13,19,18,0.2868057191371918,0
13,20,5,0.28299424052238464,0
14,1,21,0.5517305135726929,1
14,2,20,0.4142034947872162,1
14,3,4,0.38460639119148254,0
14,4,92,0.379575252532959,0
14,5,19,0.3259907364845276,0
14,6,2,0.32239198684692383,0
14,7,18,0.30833420157432556,0
14,8,44,0.30616068840026855,0
14,9,72,0.3057522177696228,0
14,10,104,0.3051064908504486,0
14,11,24,0.3033795952796936,0
14,12,45,0.2982112467288971,0
14,13,11,0.29751652479171753,0
14,14,70,0.29491305351257324,0
14,15,103,0.2900000214576721,0
14,16,56,0.28528469800949097,0
14,17,48,0.2832220792770386,0
14,18,52,0.2828643321990967,0
14,19,16,0.28082385659217834,0
14,20,61,0.2769480049610138,0
15,1,22,0.4251050353050232,1
15,2,13,0.40434083342552185,0
15,3,11,0.39105692505836487,0
15,4,78,0.3904128670692444,0
15,5,43,0.3901591897010803,0
15,6,30,0.384871244430542,0
15,7,74,0.3775244355201721,0
15,8,65,0.3765610456466675,0
15,9,88,0.36647817492485046,0
15,10,27,0.36234813928604126,0
15,11,81,0.35710904002189636,0
15,12,9,0.3564729392528534,0
15,13,28,0.3404034674167633,0
15,14,68,0.3381805419921875,0
15,15,63,0.33814477920532227,0
15,16,77,0.3352552056312561,0
15,17,19,0.33392322063446045,0
15,18,8,0.32886093854904175,0
15,19,83,0.3260642886161804,0
15,20,60,0.3093412518501282,0
16,1,62,0.5510546565055847,0
16,2,23,0.528084397315979,1
16,3,46,0.4655284583568573,0
16,4,72,0.3582199811935425,1
16,5,63,0.333284467458725,0
16,6,35,0.3299197852611542,0
16,7,82,0.3281821608543396,0
16,8,19,0.3208286166191101,0
16,9,5,0.30917131900787354,0
16,10,4,0.3081101179122925,0
16,11,18,0.30573150515556335,0
16,12,103,0.2968634366989136,0
16,13,34,0.2934707999229431,0
16,14,95,0.2905883491039276,0
16,15,85,0.28679341077804565,0
16,16,7,0.28378480672836304,0
16,17,3,0.26971402764320374,0
16,18,6,0.26441460847854614,0
16,19,12,0.26005107164382935,0
16,20,67,0.25649571418762207,0
17,1,70,0.46156394481658936,1
17,2,72,0.35392504930496216,0
17,3,24,0.31723976135253906,1
17,4,49,0.2868552505970001,0
17,5,50,0.2853301465511322,0
17,6,42,0.27731260657310486,0
17,7,11,0.2746758460998535,0
17,8,17,0.2693532109260559,0
17,9,34,0.2669358253479004,0
17,10,51,0.26107221841812134,0
17,11,88,0.25775885581970215,0
17,12,37,0.25580650568008423,0
17,13,59,0.24695050716400146,0
17,14,75,0.24682678282260895,0
17,15,8,0.2432037740945816,0
17,16,65,0.23379743099212646,0
17,17,76,0.23253083229064941,0
17,18,25,0.22605673968791962,0
17,19,9,0.22206567227840424,0
17,20,10,0.2145763635635376,0
18,1,49,0.47709041833877563,0
18,2,25,0.42013293504714966,1
18,3,70,0.41999977827072144,0
18,4,40,0.4035138785839081,0
18,5,65,0.40265128016471863,0
18,6,72,0.39837974309921265,0
18,7,79,0.39283260703086853,0
18,8,84,0.39235448837280273,0
18,9,11,0.38982248306274414,0
18,10,53,0.38600432872772217,0
18,11,50,0.38343971967697144,0
18,12,31,0.3817310631275177,0
18,13,90,0.3777538537979126,0
18,14,17,0.3697606027126312,0
18,15,8,0.3650568723678589,0
18,16,86,0.347569078207016,0
18,17,104,0.34434571862220764,0
18,18,69,0.3408209979534149,0
18,19,20,0.32573074102401733,0
18,20,2,0.31375986337661743,0
19,1,18,0.46553921699523926,0
19,2,95,0.43762168288230896,0
19,3,19,0.4315139353275299,0
19,4,48,0.40810608863830566,0
19,5,62,0.4032716155052185,0
19,6,71,0.32035666704177856,1
19,7,63,0.311185747385025,0
19,8,44,0.2797752618789673,0
19,9,45,0.264553427696228,0
19,10,70,0.2634498178958893,0
19,11,82,0.2619588077068329,0
19,12,28,0.25453847646713257,0
19,13,98,0.25382113456726074,0
19,14,26,0.252108633518219,1
19,15,34,0.23758260905742645,0
19,16,9,0.23594817519187927,0
19,17,52,0.22981014847755432,0
19,18,67,0.22979682683944702,0
19,19,76,0.22492483258247375,0
19,20,16,0.21551397442817688,0
20,1,36,0.5721853971481323,0
20,2,27,0.5505361557006836,1
20,3,32,0.5366236567497253,0
20,4,34,0.5362843871116638,0
20,5,28,0.5217570066452026,0
20,6,35,0.5063104629516602,0
20,7,33,0.5016628503799438,0
20,8,29,0.493099570274353,0
20,9,47,0.4741860032081604,0
20,10,73,0.43379151821136475,1
20,11,74,0.399994432926178,0
20,12,31,0.39908260107040405,0
20,13,13,0.3515401780605316,0
20,14,22,0.3505094647407532,0
20,15,59,0.33139628171920776,0
20,16,11,0.31888169050216675,0
20,17,43,0.30123084783554077,0
20,18,60,0.2955339848995209,0
20,19,55,0.2924162745475769,0
20,20,88,0.28858843445777893,0
21,1,29,0.5962232351303101,0
21,2,32,0.560537576675415,0
21,3,36,0.5335557460784912,0
21,4,35,0.5236557126045227,0
21,5,34,0.5124892592430115,0
21,6,28,0.5002116560935974,1
21,7,33,0.47604799270629883,0
21,8,44,0.39864155650138855,0
21,9,47,0.39279574155807495,0
21,10,96,0.39024263620376587,0
21,11,27,0.38675403594970703,0
21,12,31,0.37600499391555786,0
21,13,74,0.371111124753952,0
21,14,73,0.3685172200202942,0
21,15,56,0.340425580739975,0
21,16,85,0.33734169602394104,0
21,17,94,0.33314383029937744,0
21,18,7,0.3189671039581299,0
21,19,65,0.3176191449165344,0
21,20,58,0.30172228813171387,0
22,1,29,0.6092151403427124,1
22,2,34,0.5502851009368896,0
22,3,32,0.5206350684165955,0
22,4,36,0.48040300607681274,0
22,5,28,0.45838797092437744,0
22,6,35,0.4511696696281433,0
22,7,33,0.45101502537727356,0
22,8,31,0.42603975534439087,0
22,9,74,0.38098227977752686,0
22,10,73,0.3597778081893921,0
22,11,27,0.35407131910324097,0
22,12,104,0.32146817445755005,0
22,13,7,0.31769609451293945,0
22,14,65,0.2929302752017975,0
22,15,47,0.2816985845565796,0
22,16,22,0.27890944480895996,0
22,17,43,0.25573185086250305,0
22,18,72,0.25363120436668396,0
22,19,85,0.25220823287963867,0
22,20,42,0.24994811415672302,0
23,1,74,0.5550496578216553,1
23,2,32,0.5404755473136902,0
23,3,33,0.5014468431472778,0
23,4,35,0.5010496973991394,0
23,5,27,0.4495927393436432,0
23,6,11,0.43371105194091797,0
23,7,30,0.43102699518203735,1
23,8,22,0.3876478374004364,0
23,9,65,0.3602082133293152,0
23,10,104,0.3474268317222595,0
23,11,43,0.3374949097633362,0
23,12,73,0.32010573148727417,0
23,13,28,0.29953038692474365,0
23,14,13,0.2965823709964752,0
23,15,77,0.28328245878219604,0
23,16,8,0.273858904838562,0
23,17,68,0.2677052617073059,0
23,18,47,0.2637593448162079,0
23,19,9,0.2613705098628998,0
23,20,5,0.2586706876754761,0
24,1,31,0.6186961531639099,1
24,2,34,0.5445295572280884,0
24,3,36,0.5033901929855347,0
24,4,35,0.4884900450706482,0
24,5,33,0.4805494248867035,0
24,6,28,0.4563853144645691,0
24,7,32,0.4469102621078491,0
24,8,29,0.4221545159816742,0
24,9,27,0.41233205795288086,0
24,10,2,0.3512517511844635,0
24,11,25,0.34618037939071655,0
24,12,11,0.33981871604919434,0
24,13,40,0.33185601234436035,0
24,14,5,0.3291032016277313,0
24,15,49,0.30821481347084045,0
24,16,47,0.30609774589538574,0
24,17,86,0.30327075719833374,0
24,18,74,0.30168798565864563,0
24,19,22,0.3011537790298462,0
24,20,104,0.29565876722335815,0
25,1,32,0.6919375658035278,1
25,2,33,0.6425808668136597,0
25,3,35,0.6214727759361267,0
25,4,27,0.45227938890457153,0
25,5,11,0.4174496531486511,0
25,6,7,0.40064969658851624,0
25,7,88,0.3993339538574219,0
25,8,47,0.3798455595970154,0
25,9,72,0.36999785900115967,0
25,10,73,0.3654026389122009,0
25,11,45,0.3642326891422272,0
25,12,74,0.3607898950576782,0
25,13,65,0.34721922874450684,0
25,14,85,0.34591221809387207,1
25,15,96,0.3413066267967224,0
25,16,49,0.3393622040748596,0
25,17,5,0.33556145429611206,0
25,18,6,0.3309088945388794,0
25,19,59,0.32980650663375854,0
25,20,8,0.31944626569747925,0
26,1,33,0.8191318511962891,1
26,2,88,0.5925948619842529,0
26,3,32,0.5838086009025574,0
26,4,35,0.5132743120193481,0
26,5,27,0.4224635660648346,0
26,6,74,0.41375309228897095,0
26,7,11,0.3963410258293152,0
26,8,22,0.36650896072387695,0
26,9,65,0.3605557084083557,0
26,10,73,0.35985317826271057,0
26,11,47,0.3547542095184326,0
26,12,72,0.34831345081329346,0
26,13,70,0.3405773639678955,0
26,14,6,0.3331811726093292,0
26,15,7,0.3246062994003296,0
26,16,49,0.3168906569480896,0
26,17,59,0.3048841953277588,0
26,18,8,0.3022829294204712,0
26,19,69,0.2969588041305542,0
26,20,104,0.2964903712272644,0
27,1,32,0.46318763494491577,0
27,2,33,0.43913060426712036,0
27,3,34,0.4330809414386749,1
27,4,35,0.4165158271789551,0
27,5,75,0.4072949290275574,1
27,6,104,0.4063550531864166,0
27,7,23,0.3597877323627472,0
27,8,27,0.34537750482559204,0
27,9,7,0.34155189990997314,0
27,10,106,0.3380880355834961,0
27,11,11,0.33002594113349915,0
27,12,49,0.3235718011856079,0
27,13,2,0.320467084646225,0
27,14,4,0.3145107924938202,0
27,15,74,0.30586740374565125,0
27,16,68,0.29965513944625854,0
27,17,47,0.2908758521080017,0
27,18,30,0.2832756042480469,0
27,19,72,0.2646011710166931,0
27,20,9,0.25996077060699463,0
28,1,35,0.9574618339538574,1
28,2,5,0.6392107009887695,0
28,3,32,0.5779693126678467,0
28,4,33,0.5046814680099487,0
28,5,6,0.43356090784072876,0
28,6,23,0.4120219945907593,0
28,7,46,0.3950328230857849,0
28,8,27,0.3923252820968628,0
28,9,3,0.38387998938560486,0
28,10,45,0.38382434844970703,0
28,11,72,0.3834611177444458,0
28,12,95,0.3730069398880005,0
28,13,73,0.35815727710723877,0
28,14,74,0.3566496968269348,0
28,15,49,0.35646218061447144,0
28,16,48,0.34654587507247925,0
28,17,62,0.3366832137107849,0
28,18,67,0.3346255421638489,0
28,19,47,0.3309527635574341,0
28,20,58,0.3200157880783081,0
29,1,32,0.6001371145248413,0
29,2,33,0.5785487294197083,0
29,3,35,0.5408949851989746,0
29,4,27,0.5334048271179199,0
29,5,73,0.44168034195899963,0
29,6,65,0.44031959772109985,0
29,7,104,0.4307559132575989,0
29,8,47,0.41903382539749146,0
29,9,49,0.4120106101036072,0
29,10,36,0.38171255588531494,1
29,11,74,0.3795066475868225,0
29,12,85,0.3735824227333069,0
29,13,59,0.3577181100845337,0
29,14,70,0.3464639186859131,0
29,15,88,0.34624338150024414,0
29,16,11,0.33996427059173584,0
29,17,42,0.3338085412979126,0
29,18,30,0.3301926255226135,0
29,19,8,0.3284037709236145,0
29,20,72,0.3211847245693207,0
30,1,37,0.5464999675750732,1
30,2,24,0.49066734313964844,0
30,3,25,0.4055216610431671,0
30,4,40,0.40074092149734497,0
30,5,17,0.39208984375,0
30,6,52,0.3447447419166565,0
30,7,76,0.34471961855888367,1
30,8,70,0.3401760458946228,0
30,9,7,0.29275763034820557,0
30,10,19,0.29233402013778687,0
30,11,43,0.2918170094490051,0
30,12,36,0.28497645258903503,0
30,13,49,0.2804205119609833,0
30,14,42,0.2792310118675232,0
30,15,31,0.27548161149024963,0
30,16,22,0.27408891916275024,0
30,17,105,0.2720387279987335,0
30,18,11,0.26872682571411133,0
30,19,84,0.26793333888053894,0
30,20,50,0.2644595801830292,0
31,1,40,0.34340935945510864,0
31,2,52,0.33632978796958923,0
31,3,7,0.32058995962142944,0
31,4,41,0.30895283818244934,0
31,5,42,0.2928699254989624,0
31,6,38,0.2711387276649475,1
31,7,43,0.25370532274246216,0
31,8,25,0.2368980348110199,0
31,9,44,0.2124488651752472,0
31,10,16,0.21042762696743011,0
31,11,17,0.20033949613571167,0
31,12,0,0.1936182975769043,0
31,13,58,0.19080063700675964,0
31,14,11,0.18966692686080933,0
31,15,31,0.17768800258636475,0
31,16,64,0.17521971464157104,0
31,17,75,0.17403876781463623,0
31,18,79,0.1718975454568863,0
31,19,77,0.17183735966682434,0
31,20,68,0.1623961627483368,0
32,1,39,0.39817458391189575,1
32,2,41,0.2688494026660919,0
32,3,42,0.22111833095550537,0
32,4,7,0.19467785954475403,0
32,5,40,0.19037821888923645,0
32,6,1,0.18072722852230072,0
32,7,4,0.1739242970943451,0
32,8,2,0.15858900547027588,0
32,9,49,0.15306922793388367,0
32,10,52,0.15063847601413727,0
32,11,98,0.14920365810394287,0
32,12,64,0.14398670196533203,0
32,13,101,0.1387292444705963,0
32,14,0,0.13697601854801178,0
32,15,75,0.1365910768508911,0
32,16,3,0.13330066204071045,0
32,17,43,0.13064387440681458,0
32,18,87,0.12931223213672638,0
32,19,44,0.12639279663562775,0
32,20,92,0.10993262380361557,0
33,1,40,0.6248345971107483,1
33,2,0,0.4884825050830841,0
33,3,69,0.4376320242881775,0
33,4,25,0.4240008592605591,0
33,5,43,0.41836363077163696,0
33,6,2,0.4134112298488617,0
33,7,49,0.40920814871788025,0
33,8,41,0.40727555751800537,0
33,9,42,0.406541109085083,0
33,10,17,0.4061792194843292,0
33,11,86,0.3684996962547302,0
33,12,90,0.36079108715057373,0
33,13,65,0.34405526518821716,0
33,14,104,0.3403097987174988,0
33,15,20,0.33970391750335693,0
33,16,11,0.33797451853752136,0
33,17,36,0.3366858959197998,0
33,18,1,0.3282220959663391,0
33,19,24,0.32511818408966064,0
33,20,8,0.3226165771484375,0
34,1,41,0.4716925621032715,1
34,2,42,0.42318540811538696,0
34,3,40,0.368289977312088,0
34,4,43,0.3323461413383484,0
34,5,7,0.3227595090866089,0
34,6,72,0.30060261487960815,0
34,7,30,0.29651838541030884,0
34,8,44,0.26861661672592163,0
34,9,100,0.2673780918121338,0
34,10,68,0.2542191743850708,0
34,11,49,0.24465617537498474,0
34,12,0,0.24436843395233154,0
34,13,48,0.24232620000839233,0
34,14,52,0.2383381426334381,0
34,15,45,0.23347559571266174,0
34,16,75,0.2267000377178192,0
34,17,70,0.22611182928085327,0
34,18,85,0.22509290277957916,0
34,19,51,0.22467699646949768,0
34,20,19,0.22311338782310486,0
35,1,27,0.5523571968078613,0
35,2,59,0.48633483052253723,0
35,3,11,0.4521110951900482,0
35,4,49,0.4411383867263794,0
35,5,47,0.4221508502960205,0
35,6,8,0.42086106538772583,0
35,7,14,0.41279757022857666,0
35,8,50,0.3992495536804199,0
35,9,36,0.39417320489883423,0
35,10,79,0.3887206017971039,0
35,11,55,0.377687931060791,0
35,12,43,0.3723088502883911,0
35,13,60,0.37050071358680725,0
35,14,42,0.3533053994178772,1
35,15,68,0.344012051820755,0
35,16,69,0.3414047956466675,0
35,17,40,0.3412627577781677,0
35,18,22,0.3378332853317261,0
35,19,73,0.33782345056533813,0
35,20,83,0.3358839154243469,0
36,1,59,0.4560820460319519,0
36,2,30,0.44833678007125854,0
36,3,43,0.42204052209854126,1
36,4,13,0.41503483057022095,0
36,5,99,0.3994293510913849,0
36,6,42,0.39896124601364136,0
36,7,36,0.3873651623725891,0
36,8,22,0.3770080804824829,0
36,9,49,0.3565030097961426,0
36,10,65,0.351009726524353,0
36,11,88,0.3443571925163269,0
36,12,40,0.3443412780761719,0
36,13,11,0.339992880821228,0
36,14,8,0.33320167660713196,0
36,15,51,0.32464271783828735,0
36,16,60,0.315016508102417,0
36,17,0,0.31488877534866333,0
36,18,44,0.30917781591415405,0
36,19,68,0.30806541442871094,0
36,20,9,0.3006647229194641,0
37,1,44,0.6567546725273132,1
37,2,18,0.4060632288455963,0
37,3,56,0.4046632647514343,0
37,4,7,0.391765296459198,0
37,5,76,0.3836233615875244,0
37,6,49,0.3775932788848877,0
37,7,62,0.3445483148097992,0
37,8,8,0.34415674209594727,0
37,9,85,0.341380774974823,0
37,10,96,0.3383290767669678,0
37,11,19,0.3363937735557556,0
37,12,36,0.33603882789611816,0
37,13,26,0.3354467749595642,0
37,14,29,0.3341086208820343,0
37,15,80,0.33152392506599426,0
37,16,51,0.3232468366622925,0
37,17,79,0.32173311710357666,0
37,18,3,0.32122567296028137,0
37,19,48,0.31777721643447876,0
37,20,11,0.3159902095794678,0
38,1,45,0.5541394948959351,1
38,2,100,0.48840048909187317,0
38,3,19,0.40733593702316284,0
38,4,48,0.40375345945358276,0
38,5,7,0.3660425543785095,0
38,6,44,0.3626493513584137,0
38,7,71,0.3525788187980652,0
38,8,72,0.34946849942207336,0
38,9,98,0.3355810046195984,0
38,10,63,0.33532291650772095,0
38,11,99,0.3249348998069763,0
38,12,26,0.3231605887413025,0
38,13,42,0.3002668619155884,0
38,14,52,0.2921370565891266,0
38,15,18,0.2865667939186096,0
38,16,41,0.28483349084854126,0
38,17,6,0.2839186191558838,0
38,18,82,0.27939075231552124,0
38,19,85,0.2752557396888733,0
38,20,11,0.2744385600090027,0
39,1,46,0.6637657284736633,1
39,2,23,0.5534837245941162,0
39,3,62,0.47745561599731445,0
39,4,7,0.4412432312965393,0
39,5,19,0.40898245573043823,0
39,6,35,0.40400469303131104,0
39,7,5,0.33226150274276733,0
39,8,82,0.3309079110622406,0
39,9,85,0.32981038093566895,0
39,10,102,0.3223986029624939,0
39,11,49,0.3198802173137665,0
39,12,3,0.31351807713508606,0
39,13,95,0.3111498951911926,0
39,14,72,0.30971235036849976,0
39,15,26,0.30796018242836,0
39,16,71,0.30643147230148315,0
39,17,61,0.30447179079055786,0
39,18,11,0.30196380615234375,0
39,19,4,0.2963600754737854,0
39,20,10,0.2926102578639984,0
40,1,47,0.7762143015861511,1
40,2,49,0.4889906644821167,0
40,3,27,0.4869554042816162,0
40,4,88,0.4460919201374054,0
40,5,59,0.436095654964447,0
40,6,37,0.43304306268692017,0
40,7,55,0.4321250319480896,0
40,8,11,0.41650617122650146,0
40,9,60,0.4111427664756775,0
40,10,22,0.4022447466850281,0
40,11,14,0.3936162292957306,0
40,12,36,0.3863351345062256,0
40,13,13,0.3841955065727234,0
40,14,43,0.3758596181869507,0
40,15,53,0.3720293641090393,0
40,16,42,0.36934733390808105,0
40,17,72,0.3691399097442627,0
40,18,50,0.3676869869232178,0
40,19,8,0.36674702167510986,0
40,20,57,0.36533278226852417,0
41,1,19,0.6183792352676392,0
41,2,48,0.6027020215988159,1
41,3,63,0.5068522095680237,0
41,4,95,0.45023781061172485,0
41,5,71,0.44383740425109863,0
41,6,45,0.4085741639137268,0
41,7,82,0.38889628648757935,0
41,8,44,0.3886801302433014,0
41,9,62,0.34968262910842896,0
41,10,67,0.3277679681777954,0
41,11,23,0.32590195536613464,0
41,12,56,0.3186850845813751,0
41,13,72,0.3137457072734833,0
41,14,70,0.3092573881149292,0
41,15,100,0.3016725182533264,0
41,16,9,0.3010373115539551,0
41,17,18,0.27793705463409424,0
41,18,5,0.27556198835372925,0
41,19,6,0.27460312843322754,0
41,20,49,0.2613016366958618,0
42,1,49,0.7428107261657715,1
42,2,11,0.48853787779808044,0
42,3,72,0.43293336033821106,0
42,4,45,0.39199116826057434,0
42,5,8,0.3737516403198242,0
42,6,34,0.36465567350387573,0
42,7,65,0.3646548092365265,0
42,8,104,0.3591177463531494,0
42,9,40,0.35786813497543335,0
42,10,19,0.35461968183517456,0
42,11,7,0.3532271683216095,0
42,12,74,0.34276026487350464,0
42,13,5,0.3362257480621338,0
42,14,44,0.3360326886177063,0
42,15,4,0.33602774143218994,0
42,16,47,0.3343450427055359,0
42,17,25,0.3315699100494385,0
42,18,70,0.32068055868148804,0
42,19,100,0.32045286893844604,0
42,20,53,0.3180769681930542,0
43,1,50,0.6952834725379944,1
43,2,79,0.43949851393699646,1
43,3,78,0.4140031635761261,0
43,4,72,0.3728618025779724,0
43,5,22,0.3481234908103943,0
43,6,53,0.338753879070282,0
43,7,49,0.33443665504455566,0
43,8,11,0.3332503139972687,0
43,9,10,0.33031877875328064,0
43,10,27,0.3297916054725647,0
43,11,106,0.32586175203323364,0
43,12,8,0.3242851197719574,0
43,13,55,0.3192656934261322,0
43,14,65,0.316224604845047,0
43,15,60,0.30745697021484375,0
43,16,47,0.3070160150527954,0
43,17,17,0.3070061504840851,0
43,18,81,0.3063841760158539,0
43,19,84,0.30634087324142456,0
43,20,43,0.30584803223609924,0
44,1,51,0.4790187478065491,1
44,2,53,0.4660354256629944,0
44,3,72,0.4631250202655792,0
44,4,8,0.4391206204891205,0
44,5,70,0.41586732864379883,0
44,6,100,0.39921796321868896,0
44,7,80,0.3977876901626587,1
44,8,49,0.39033499360084534,0
44,9,44,0.3839420974254608,0
44,10,50,0.36697065830230713,0
44,11,88,0.3569568395614624,0
44,12,17,0.33594581484794617,0
44,13,98,0.33436015248298645,0
44,14,45,0.33297449350357056,0
44,15,81,0.33183926343917847,0
44,16,104,0.3244676887989044,0
44,17,25,0.32269811630249023,0
44,18,9,0.31920158863067627,0
44,19,0,0.3179713189601898,0
44,20,52,0.31503915786743164,0
45,1,52,0.6121678948402405,1
45,2,16,0.4488503634929657,0
45,3,44,0.3649477958679199,0
45,4,7,0.34673750400543213,0
45,5,72,0.32572656869888306,0
45,6,41,0.3202279210090637,0
45,7,78,0.31325215101242065,0
45,8,37,0.3126508295536041,0
45,9,26,0.31185027956962585,0
45,10,84,0.3040120005607605,0
45,11,42,0.3039470911026001,0
45,12,12,0.3027695417404175,0
45,13,76,0.2989116907119751,0
45,14,18,0.2886224389076233,0
45,15,11,0.2874208390712738,0
45,16,49,0.2821004092693329,0
45,17,36,0.28197482228279114,0
45,18,50,0.28105661273002625,0
45,19,8,0.2804802656173706,0
45,20,80,0.2752252221107483,0
46,1,53,0.7478729486465454,1
46,2,51,0.5538721084594727,0
46,3,100,0.5146613121032715,0
46,4,72,0.4858935475349426,0
46,5,49,0.4487183094024658,0
46,6,8,0.44792214035987854,0
46,7,50,0.36825138330459595,0
46,8,88,0.366253137588501,0
46,9,47,0.36171162128448486,0
46,10,52,0.35879379510879517,0
46,11,70,0.3582850992679596,0
46,12,45,0.3518654406070709,0
46,13,80,0.3495507836341858,0
46,14,44,0.3377097249031067,0
46,15,42,0.33387643098831177,0
46,16,65,0.326418399810791,0
46,17,104,0.3161436915397644,0
46,18,29,0.3139217495918274,0
46,19,11,0.3111664056777954,0
46,20,84,0.29968124628067017,0
47,1,54,0.5153287649154663,1
47,2,37,0.3615588843822479,0
47,3,8,0.30016976594924927,0
47,4,44,0.29899466037750244,0
47,5,49,0.2950465679168701,0
47,6,105,0.2931343615055084,0
47,7,70,0.2590208947658539,0
47,8,47,0.2588205933570862,0
47,9,36,0.25209254026412964,0
47,10,4,0.2438020557165146,0
47,11,76,0.23314973711967468,0
47,12,82,0.22757260501384735,0
47,13,14,0.22339092195034027,0
47,14,29,0.218247652053833,0
47,15,26,0.2119121253490448,0
47,16,59,0.2104669213294983,0
47,17,17,0.20547962188720703,0
47,18,11,0.19673913717269897,0
47,19,71,0.19197148084640503,0
47,20,51,0.1858234852552414,0
48,1,55,0.6521773338317871,1
48,2,27,0.49303627014160156,0
48,3,81,0.468092143535614,1
48,4,68,0.44318416714668274,0
48,5,59,0.438173770904541,0
48,6,57,0.42311209440231323,0
48,7,73,0.4036192297935486,0
48,8,36,0.39218616485595703,0
48,9,43,0.3845007121562958,0
48,10,13,0.3842170238494873,0
48,11,11,0.37427884340286255,0
48,12,56,0.3716726303100586,0
48,13,47,0.36511650681495667,0
48,14,8,0.3647107183933258,0
48,15,50,0.35515955090522766,0
48,16,79,0.34975892305374146,0
48,17,58,0.34959256649017334,0
48,18,9,0.34695398807525635,0
48,19,60,0.34440869092941284,0
48,20,42,0.34131404757499695,0
49,1,56,0.6093748211860657,1
49,2,44,0.5586573481559753,0
49,3,55,0.5577694177627563,0
49,4,57,0.5415107607841492,0
49,5,96,0.4381437599658966,0
49,6,81,0.4271969199180603,0
49,7,58,0.41323113441467285,0
49,8,29,0.40518587827682495,0
49,9,18,0.3872385621070862,0
49,10,47,0.38369956612586975,0
49,11,28,0.35552480816841125,0
49,12,92,0.35407066345214844,0
49,13,64,0.3480232059955597,0
49,14,36,0.3458431363105774,0
49,15,68,0.3410334587097168,0
49,16,101,0.33750420808792114,0
49,17,9,0.33116984367370605,0
49,18,16,0.32276859879493713,0
49,19,20,0.32033607363700867,0
49,20,103,0.3202962577342987,0
50,1,47,0.5181635022163391,0
50,2,57,0.4724624752998352,1
50,3,36,0.44258368015289307,0
50,4,8,0.4198586344718933,0
50,5,27,0.40977659821510315,0
50,6,13,0.40939903259277344,0
50,7,9,0.39509832859039307,0
50,8,73,0.3877975642681122,0
50,9,59,0.38115546107292175,0
50,10,53,0.37945908308029175,0
50,11,60,0.3766636848449707,0
50,12,28,0.36162808537483215,0
50,13,49,0.3568638563156128,0
50,14,18,0.3561943769454956,0
50,15,88,0.3506786525249481,0
50,16,44,0.34910058975219727,0
50,17,99,0.3479377329349518,0
50,18,51,0.34715062379837036,0
50,19,63,0.3443603813648224,0
50,20,55,0.34343844652175903,0
51,1,58,0.6257234215736389,1
51,2,64,0.5289043188095093,0
51,3,55,0.4871969223022461,0
51,4,57,0.4355694055557251,0
51,5,56,0.4049948453903198,0
51,6,47,0.3814685344696045,0
51,7,18,0.3741949796676636,0
51,8,36,0.358700156211853,0
51,9,44,0.35861408710479736,0
51,10,81,0.35782739520072937,0
51,11,16,0.35560497641563416,0
51,12,97,0.35211557149887085,0
51,13,103,0.3481723368167877,0
51,14,96,0.34347522258758545,0
51,15,29,0.34149444103240967,0
51,16,85,0.32669904828071594,0
51,17,68,0.31466901302337646,0
51,18,76,0.3120538592338562,0
51,19,92,0.3090307116508484,0
51,20,7,0.30743318796157837,0
52,1,59,0.6379274129867554,1
52,2,51,0.47974783182144165,0
52,3,8,0.43747806549072266,0
52,4,36,0.4185439646244049,0
52,5,13,0.3996970057487488,0
52,6,88,0.3890359401702881,0
52,7,53,0.3773319721221924,0
52,8,49,0.3761272132396698,0
52,9,70,0.3745739459991455,0
52,10,42,0.36439913511276245,0
52,11,29,0.3567984402179718,0
52,12,0,0.3538619875907898,0
52,13,104,0.34964486956596375,0
52,14,72,0.34516477584838867,0
52,15,65,0.3430674076080322,0
52,16,11,0.3339539170265198,0
52,17,37,0.3337014317512512,0
52,18,47,0.32654356956481934,0
52,19,89,0.3246259093284607,0
52,20,10,0.31992268562316895,0
53,1,60,0.5100027322769165,1
53,2,59,0.45162856578826904,0
53,3,13,0.43111947178840637,0
53,4,22,0.39364972710609436,0
53,5,68,0.3721112608909607,0
53,6,43,0.3679063022136688,0
53,7,36,0.3658093214035034,0
53,8,42,0.35429155826568604,0
53,9,51,0.3374547064304352,0
53,10,9,0.32531577348709106,0
53,11,8,0.3226670026779175,0
53,12,11,0.3195650577545166,0
53,13,88,0.30431756377220154,0
53,14,47,0.30228328704833984,0
53,15,27,0.2963792681694031,0
53,16,104,0.28877750039100647,0
53,17,14,0.2867850065231323,0
53,18,55,0.2863696217536926,0
53,19,28,0.28626778721809387,0
53,20,53,0.2844341993331909,0
54,1,59,0.412009596824646,0
54,2,72,0.38894936442375183,0
54,3,8,0.35519659519195557,0
54,4,36,0.3388827443122864,0
54,5,51,0.335191547870636,0
54,6,47,0.32706260681152344,0
54,7,49,0.3237365186214447,0
54,8,13,0.3132813274860382,0
54,9,4,0.3102951943874359,0
54,10,42,0.30418217182159424,0
54,11,88,0.2983139455318451,0
54,12,11,0.29716938734054565,0
54,13,3,0.29338014125823975,0
54,14,28,0.29319870471954346,0
54,15,104,0.29166799783706665,0
54,16,55,0.2861834168434143,0
54,17,68,0.28609317541122437,0
54,18,66,0.2789437770843506,0
54,19,10,0.27199310064315796,0
54,20,27,0.27008357644081116,0
55,1,82,0.48161375522613525,1
55,2,19,0.47368866205215454,0
55,3,70,0.45989108085632324,0
55,4,72,0.45347774028778076,0
55,5,62,0.44024214148521423,1
55,6,95,0.42828068137168884,0
55,7,48,0.4229356646537781,0
55,8,71,0.4153643250465393,0
55,9,6,0.38114047050476074,0
55,10,88,0.3772764205932617,0
55,11,5,0.3673889636993408,0
55,12,67,0.36637014150619507,0
55,13,23,0.362546443939209,0
55,14,51,0.35479995608329773,0
55,15,8,0.3546684980392456,0
55,16,49,0.3507612347602844,0
55,17,63,0.343004047870636,0
55,18,11,0.3347945809364319,0
55,19,44,0.3291334807872772,0
55,20,45,0.32576823234558105,0
56,1,19,0.4871172308921814,0
56,2,48,0.41178321838378906,0
56,3,95,0.40671539306640625,0
56,4,44,0.3567211925983429,0
56,5,63,0.34408193826675415,1
56,6,82,0.33530598878860474,0
56,7,98,0.3128730058670044,0
56,8,71,0.31216156482696533,0
56,9,62,0.29966482520103455,0
56,10,18,0.2948800325393677,0
56,11,67,0.2928686738014221,0
56,12,56,0.2921697795391083,0
56,13,45,0.281305730342865,0
56,14,52,0.2703512907028198,0
56,15,100,0.2576404809951782,0
56,16,23,0.25123101472854614,0
56,17,72,0.24963688850402832,0
56,18,42,0.23689955472946167,0
56,19,70,0.2271038293838501,0
56,20,26,0.22130371630191803,0
57,1,52,0.39158323407173157,0
57,2,60,0.3891470432281494,0
57,3,42,0.379026859998703,0
57,4,43,0.37018269300460815,0
57,5,8,0.3545941114425659,0
57,6,59,0.35254156589508057,0
57,7,36,0.3480895459651947,0
57,8,40,0.3362613022327423,0
57,9,13,0.3336368799209595,0
57,10,22,0.33348551392555237,0
57,11,51,0.3307286500930786,0
57,12,68,0.3224520683288574,0
57,13,79,0.3197856545448303,0
57,14,12,0.3193812370300293,0
57,15,64,0.31563234329223633,1
57,16,37,0.3115079998970032,0
57,17,53,0.30683600902557373,0
57,18,16,0.3044929504394531,0
57,19,17,0.296671986579895,0
57,20,58,0.2959412932395935,0
