top1,predicted_top1,rr@5,recall@5,precision@5,first_gold_rank,corpus,method,rid,n_gold
0.0,116,0.0,0.0,0.0,43,csf_benchmark,multi,0,2
0.0,279,0.0,0.0,0.0,161,csf_benchmark,multi,1,1
0.0,63,0.0,0.0,0.0,46,csf_benchmark,multi,2,5
1.0,17,1.0,0.6666666666666666,0.4,1,csf_benchmark,multi,3,3
0.0,134,0.3333333333333333,0.2,0.2,3,csf_benchmark,multi,4,5
0.0,156,0.2,0.25,0.2,5,csf_benchmark,multi,5,4
1.0,290,1.0,1.0,0.4,1,csf_benchmark,multi,6,2
1.0,151,1.0,1.0,0.2,1,csf_benchmark,multi,7,1
0.0,157,0.3333333333333333,1.0,0.2,3,csf_benchmark,multi,8,1
1.0,214,1.0,0.375,0.6,1,csf_benchmark,multi,9,8
0.0,73,0.5,0.4,0.4,2,csf_benchmark,multi,10,5
1.0,182,1.0,0.2,0.2,1,csf_benchmark,multi,11,5
0.0,172,0.5,0.2,0.4,2,csf_benchmark,multi,12,10
0.0,132,0.5,0.23076923076923078,0.6,2,csf_benchmark,multi,13,13
1.0,159,1.0,0.5,0.4,1,csf_benchmark,multi,14,4
0.0,50,0.0,0.0,0.0,6,csf_benchmark,multi,15,5
0.0,54,0.25,0.16666666666666666,0.2,4,csf_benchmark,multi,16,6
0.0,54,0.5,0.3333333333333333,0.4,2,csf_benchmark,multi,17,6
1.0,171,1.0,0.6,0.6,1,csf_benchmark,multi,18,5
0.0,172,0.25,0.5,0.2,4,csf_benchmark,multi,19,2
0.0,198,0.25,1.0,0.2,4,csf_benchmark,multi,20,1
0.0,171,0.5,0.25,0.2,2,csf_benchmark,multi,21,4
1.0,290,1.0,0.6666666666666666,0.8,1,csf_benchmark,multi,22,6
1.0,289,1.0,0.42857142857142855,0.6,1,csf_benchmark,multi,23,7
1.0,289,1.0,0.4,0.4,1,csf_benchmark,multi,24,5
0.0,293,0.0,0.0,0.0,9,csf_benchmark,multi,25,6
0.0,73,0.5,0.3333333333333333,0.4,2,csf_benchmark,multi,26,6
0.0,5,0.3333333333333333,0.18181818181818182,0.4,3,csf_benchmark,multi,27,11
1.0,119,1.0,0.5,0.8,1,csf_benchmark,multi,28,8
1.0,14,1.0,0.4,0.4,1,csf_benchmark,multi,29,5
1.0,4,1.0,0.375,0.6,1,csf_benchmark,multi,30,8
1.0,227,1.0,0.2,0.2,1,csf_benchmark,multi,31,5
1.0,13,1.0,0.3333333333333333,0.6,1,csf_benchmark,multi,32,9
0.0,152,0.0,0.0,0.0,14,csf_benchmark,multi,33,9
0.0,5,0.0,0.0,0.0,8,csf_benchmark,multi,34,3
0.0,184,0.0,0.0,0.0,8,csf_benchmark,multi,35,2
0.0,184,0.0,0.0,0.0,6,csf_benchmark,multi,36,3
0.0,184,0.5,0.5,0.2,2,csf_benchmark,multi,37,2
0.0,182,0.0,0.0,0.0,6,csf_benchmark,multi,38,4
1.0,243,1.0,0.125,0.2,1,csf_benchmark,multi,39,8
0.0,63,0.0,0.0,0.0,122,csf_benchmark,multi,40,2
0.0,225,0.5,0.25,0.2,2,csf_benchmark,multi,41,4
0.0,224,0.5,0.25,0.2,2,csf_benchmark,multi,42,4
0.0,63,0.0,0.0,0.0,62,csf_benchmark,multi,43,8
1.0,272,1.0,0.5,0.2,1,csf_benchmark,multi,44,2
0.0,49,0.0,0.0,0.0,92,csf_benchmark,multi,45,1
0.0,226,0.0,0.0,0.0,24,csf_benchmark,multi,46,1
1.0,52,1.0,0.1111111111111111,0.2,1,csf_benchmark,multi,47,9
1.0,204,1.0,0.4,0.4,1,csf_benchmark,multi,48,5
1.0,53,1.0,0.6666666666666666,0.4,1,csf_benchmark,multi,49,3
1.0,72,1.0,0.3333333333333333,0.2,1,csf_benchmark,multi,50,3
1.0,114,1.0,1.0,0.2,1,csf_benchmark,multi,51,1
0.0,63,0.0,0.0,0.0,26,csf_benchmark,multi,52,2
0.0,154,0.0,0.0,0.0,35,csf_benchmark,multi,53,9
0.0,222,0.0,0.0,0.0,34,csf_benchmark,multi,54,5
1.0,73,1.0,0.375,0.6,1,csf_benchmark,multi,55,8
0.0,73,0.5,0.3333333333333333,0.2,2,csf_benchmark,multi,56,3
1.0,215,1.0,0.2,0.4,1,csf_benchmark,multi,57,10
1.0,196,1.0,0.25,0.2,1,csf_benchmark,multi,58,4
1.0,101,1.0,0.6,0.6,1,csf_benchmark,multi,59,5
0.0,100,0.2,1.0,0.2,5,csf_benchmark,multi,60,1
0.0,31,0.3333333333333333,0.2222222222222222,0.4,3,csf_benchmark,multi,61,9
1.0,112,1.0,0.5714285714285714,0.8,1,csf_benchmark,multi,62,7
1.0,57,1.0,0.5,0.2,1,csf_benchmark,multi,63,2
1.0,225,1.0,0.1875,0.6,1,csf_benchmark,multi,64,16
0.0,86,0.0,0.0,0.0,14,csf_benchmark,multi,65,8
0.0,142,0.5,0.2,0.2,2,csf_benchmark,multi,66,5
0.0,292,0.25,0.2,0.2,4,csf_benchmark,multi,67,5
0.0,30,0.0,0.0,0.0,26,csf_benchmark,multi,68,7
0.0,54,0.25,0.25,0.2,4,csf_benchmark,multi,69,4
1.0,93,1.0,0.6666666666666666,0.4,1,csf_benchmark,multi,70,3
1.0,269,1.0,0.16666666666666666,0.2,1,csf_benchmark,multi,71,6
1.0,119,1.0,0.3333333333333333,0.2,1,csf_benchmark,multi,72,3
0.0,33,0.0,0.0,0.0,44,csf_benchmark,multi,73,6
1.0,268,1.0,0.25,0.2,1,csf_benchmark,multi,74,4
1.0,234,1.0,0.3333333333333333,0.2,1,csf_benchmark,multi,75,3
1.0,182,1.0,0.4,0.4,1,csf_benchmark,multi,76,5
1.0,269,1.0,0.2857142857142857,0.4,1,csf_benchmark,multi,77,7
1.0,196,1.0,1.0,0.2,1,csf_benchmark,multi,78,1
0.0,28,0.0,0.0,0.0,33,csf_benchmark,multi,79,3
0.0,93,0.2,0.1111111111111111,0.2,5,csf_benchmark,multi,80,9
0.0,125,0.0,0.0,0.0,12,csf_benchmark,multi,81,5
0.0,30,0.0,0.0,0.0,48,csf_benchmark,multi,82,5
0.0,125,0.0,0.0,0.0,18,csf_benchmark,multi,83,6
1.0,97,1.0,0.5,0.4,1,csf_benchmark,multi,84,4
1.0,97,1.0,0.25,0.2,1,csf_benchmark,multi,85,4
0.0,215,0.0,0.0,0.0,12,csf_benchmark,multi,86,3
0.0,222,0.25,0.3333333333333333,0.2,4,csf_benchmark,multi,87,3
0.0,137,0.25,0.25,0.2,4,csf_benchmark,multi,88,4
0.0,18,0.0,0.0,0.0,14,csf_benchmark,multi,89,2
0.0,125,0.0,0.0,0.0,20,csf_benchmark,multi,90,7
0.0,97,0.5,0.3333333333333333,0.2,2,csf_benchmark,multi,91,3
0.0,37,0.0,0.0,0.0,84,csf_benchmark,multi,92,2
0.0,137,0.2,0.2,0.2,5,csf_benchmark,multi,93,5
0.0,50,0.5,0.125,0.2,2,csf_benchmark,multi,94,8
0.0,72,0.0,0.0,0.0,9,csf_benchmark,multi,95,1
0.0,94,0.0,0.0,0.0,8,csf_benchmark,multi,96,1
1.0,196,1.0,0.2,0.2,1,csf_benchmark,multi,97,5
1.0,93,1.0,0.3333333333333333,0.2,1,csf_benchmark,multi,98,3
0.0,292,0.5,0.3333333333333333,0.2,2,csf_benchmark,multi,99,3
1.0,73,1.0,1.0,0.6,1,csf_benchmark,multi,100,3
0.0,73,0.5,0.3333333333333333,0.2,2,csf_benchmark,multi,101,3
0.0,292,0.2,0.3333333333333333,0.2,5,csf_benchmark,multi,102,3
0.0,233,0.0,0.0,0.0,118,csf_benchmark,multi,103,1
1.0,93,1.0,1.0,0.2,1,csf_benchmark,multi,104,1
0.0,50,0.0,0.0,0.0,6,csf_benchmark,multi,105,2
0.0,116,0.0,0.0,0.0,43,csf_benchmark,reform,0,2
0.0,279,0.0,0.0,0.0,161,csf_benchmark,reform,1,1
0.0,63,0.0,0.0,0.0,46,csf_benchmark,reform,2,5
1.0,17,1.0,0.6666666666666666,0.4,1,csf_benchmark,reform,3,3
0.0,134,0.0,0.0,0.0,6,csf_benchmark,reform,4,5
0.0,156,0.2,0.25,0.2,5,csf_benchmark,reform,5,4
1.0,290,1.0,1.0,0.4,1,csf_benchmark,reform,6,2
1.0,151,1.0,1.0,0.2,1,csf_benchmark,reform,7,1
0.0,157,0.3333333333333333,1.0,0.2,3,csf_benchmark,reform,8,1
1.0,214,1.0,0.375,0.6,1,csf_benchmark,reform,9,8
0.0,73,0.5,0.4,0.4,2,csf_benchmark,reform,10,5
1.0,182,1.0,0.2,0.2,1,csf_benchmark,reform,11,5
0.0,172,0.5,0.2,0.4,2,csf_benchmark,reform,12,10
0.0,132,0.5,0.23076923076923078,0.6,2,csf_benchmark,reform,13,13
1.0,159,1.0,0.5,0.4,1,csf_benchmark,reform,14,4
0.0,50,0.0,0.0,0.0,6,csf_benchmark,reform,15,5
0.0,54,0.25,0.16666666666666666,0.2,4,csf_benchmark,reform,16,6
1.0,195,1.0,0.5,0.6,1,csf_benchmark,reform,17,6
1.0,171,1.0,0.6,0.6,1,csf_benchmark,reform,18,5
0.0,172,0.5,1.0,0.4,2,csf_benchmark,reform,19,2
0.0,198,0.25,1.0,0.2,4,csf_benchmark,reform,20,1
0.0,171,0.5,0.25,0.2,2,csf_benchmark,reform,21,4
1.0,290,1.0,0.6666666666666666,0.8,1,csf_benchmark,reform,22,6
1.0,289,1.0,0.42857142857142855,0.6,1,csf_benchmark,reform,23,7
1.0,289,1.0,0.2,0.2,1,csf_benchmark,reform,24,5
0.0,293,0.0,0.0,0.0,9,csf_benchmark,reform,25,6
0.0,293,0.0,0.0,0.0,10,csf_benchmark,reform,26,6
0.0,5,0.3333333333333333,0.18181818181818182,0.4,3,csf_benchmark,reform,27,11
1.0,119,1.0,0.5,0.8,1,csf_benchmark,reform,28,8
1.0,14,1.0,0.4,0.4,1,csf_benchmark,reform,29,5
1.0,4,1.0,0.375,0.6,1,csf_benchmark,reform,30,8
1.0,227,1.0,0.2,0.2,1,csf_benchmark,reform,31,5
1.0,13,1.0,0.3333333333333333,0.6,1,csf_benchmark,reform,32,9
0.0,152,0.0,0.0,0.0,14,csf_benchmark,reform,33,9
0.0,5,0.0,0.0,0.0,8,csf_benchmark,reform,34,3
0.0,184,0.0,0.0,0.0,8,csf_benchmark,reform,35,2
0.0,293,0.0,0.0,0.0,13,csf_benchmark,reform,36,3
0.0,184,0.5,0.5,0.2,2,csf_benchmark,reform,37,2
0.0,182,0.0,0.0,0.0,6,csf_benchmark,reform,38,4
1.0,243,1.0,0.125,0.2,1,csf_benchmark,reform,39,8
0.0,63,0.0,0.0,0.0,122,csf_benchmark,reform,40,2
0.0,225,0.5,0.25,0.2,2,csf_benchmark,reform,41,4
0.0,224,0.5,0.25,0.2,2,csf_benchmark,reform,42,4
0.0,63,0.0,0.0,0.0,62,csf_benchmark,reform,43,8
1.0,272,1.0,0.5,0.2,1,csf_benchmark,reform,44,2
0.0,49,0.0,0.0,0.0,92,csf_benchmark,reform,45,1
0.0,226,0.0,0.0,0.0,24,csf_benchmark,reform,46,1
1.0,52,1.0,0.1111111111111111,0.2,1,csf_benchmark,reform,47,9
1.0,204,1.0,0.4,0.4,1,csf_benchmark,reform,48,5
1.0,53,1.0,0.6666666666666666,0.4,1,csf_benchmark,reform,49,3
1.0,72,1.0,0.3333333333333333,0.2,1,csf_benchmark,reform,50,3
1.0,114,1.0,1.0,0.2,1,csf_benchmark,reform,51,1
0.0,63,0.0,0.0,0.0,26,csf_benchmark,reform,52,2
0.0,154,0.0,0.0,0.0,35,csf_benchmark,reform,53,9
0.0,222,0.0,0.0,0.0,34,csf_benchmark,reform,54,5
0.0,93,0.5,0.375,0.6,2,csf_benchmark,reform,55,8
0.0,93,0.0,0.0,0.0,6,csf_benchmark,reform,56,3
1.0,215,1.0,0.2,0.4,1,csf_benchmark,reform,57,10
1.0,196,1.0,0.25,0.2,1,csf_benchmark,reform,58,4
1.0,101,1.0,0.6,0.6,1,csf_benchmark,reform,59,5
0.0,103,0.0,0.0,0.0,6,csf_benchmark,reform,60,1
0.0,31,0.3333333333333333,0.2222222222222222,0.4,3,csf_benchmark,reform,61,9
1.0,112,1.0,0.5714285714285714,0.8,1,csf_benchmark,reform,62,7
1.0,57,1.0,0.5,0.2,1,csf_benchmark,reform,63,2
1.0,228,1.0,0.1875,0.6,1,csf_benchmark,reform,64,16
0.0,86,0.0,0.0,0.0,14,csf_benchmark,reform,65,8
0.0,142,0.5,0.2,0.2,2,csf_benchmark,reform,66,5
0.0,292,0.25,0.2,0.2,4,csf_benchmark,reform,67,5
0.0,30,0.0,0.0,0.0,26,csf_benchmark,reform,68,7
0.0,54,0.25,0.25,0.2,4,csf_benchmark,reform,69,4
0.0,29,0.3333333333333333,0.6666666666666666,0.4,3,csf_benchmark,reform,70,3
1.0,269,1.0,0.16666666666666666,0.2,1,csf_benchmark,reform,71,6
1.0,119,1.0,0.3333333333333333,0.2,1,csf_benchmark,reform,72,3
0.0,33,0.0,0.0,0.0,44,csf_benchmark,reform,73,6
1.0,268,1.0,0.25,0.2,1,csf_benchmark,reform,74,4
1.0,234,1.0,0.3333333333333333,0.2,1,csf_benchmark,reform,75,3
1.0,182,1.0,0.4,0.4,1,csf_benchmark,reform,76,5
1.0,269,1.0,0.2857142857142857,0.4,1,csf_benchmark,reform,77,7
1.0,196,1.0,1.0,0.2,1,csf_benchmark,reform,78,1
0.0,31,0.0,0.0,0.0,40,csf_benchmark,reform,79,3
0.0,93,0.2,0.1111111111111111,0.2,5,csf_benchmark,reform,80,9
0.0,125,0.0,0.0,0.0,12,csf_benchmark,reform,81,5
0.0,30,0.0,0.0,0.0,48,csf_benchmark,reform,82,5
0.0,125,0.0,0.0,0.0,18,csf_benchmark,reform,83,6
1.0,97,1.0,0.5,0.4,1,csf_benchmark,reform,84,4
1.0,97,1.0,0.25,0.2,1,csf_benchmark,reform,85,4
0.0,215,0.0,0.0,0.0,12,csf_benchmark,reform,86,3
0.0,222,0.25,0.3333333333333333,0.2,4,csf_benchmark,reform,87,3
0.0,137,0.25,0.25,0.2,4,csf_benchmark,reform,88,4
0.0,18,0.0,0.0,0.0,14,csf_benchmark,reform,89,2
0.0,125,0.0,0.0,0.0,20,csf_benchmark,reform,90,7
0.0,97,0.5,0.3333333333333333,0.2,2,csf_benchmark,reform,91,3
0.0,37,0.0,0.0,0.0,84,csf_benchmark,reform,92,2
1.0,93,1.0,0.4,0.4,1,csf_benchmark,reform,93,5
0.0,50,0.5,0.125,0.2,2,csf_benchmark,reform,94,8
0.0,72,0.0,0.0,0.0,9,csf_benchmark,reform,95,1
0.0,94,0.0,0.0,0.0,8,csf_benchmark,reform,96,1
1.0,196,1.0,0.2,0.2,1,csf_benchmark,reform,97,5
1.0,93,1.0,0.6666666666666666,0.4,1,csf_benchmark,reform,98,3
0.0,292,0.5,0.3333333333333333,0.2,2,csf_benchmark,reform,99,3
1.0,73,1.0,1.0,0.6,1,csf_benchmark,reform,100,3
0.0,73,0.5,0.3333333333333333,0.2,2,csf_benchmark,reform,101,3
0.0,292,0.2,0.3333333333333333,0.2,5,csf_benchmark,reform,102,3
0.0,233,0.0,0.0,0.0,118,csf_benchmark,reform,103,1
1.0,93,1.0,1.0,0.2,1,csf_benchmark,reform,104,1
0.0,50,0.0,0.0,0.0,6,csf_benchmark,reform,105,2
0.0,116,0.0,0.0,0.0,43,csf_benchmark,raa_full,0,2
0.0,279,0.0,0.0,0.0,161,csf_benchmark,raa_full,1,1
0.0,63,0.0,0.0,0.0,46,csf_benchmark,raa_full,2,5
1.0,17,1.0,0.6666666666666666,0.4,1,csf_benchmark,raa_full,3,3
0.0,134,0.0,0.0,0.0,6,csf_benchmark,raa_full,4,5
0.0,156,0.2,0.25,0.2,5,csf_benchmark,raa_full,5,4
1.0,290,1.0,1.0,0.4,1,csf_benchmark,raa_full,6,2
1.0,151,1.0,1.0,0.2,1,csf_benchmark,raa_full,7,1
0.0,157,0.3333333333333333,1.0,0.2,3,csf_benchmark,raa_full,8,1
1.0,214,1.0,0.375,0.6,1,csf_benchmark,raa_full,9,8
0.0,73,0.5,0.4,0.4,2,csf_benchmark,raa_full,10,5
1.0,182,1.0,0.2,0.2,1,csf_benchmark,raa_full,11,5
0.0,172,0.5,0.2,0.4,2,csf_benchmark,raa_full,12,10
0.0,132,0.5,0.23076923076923078,0.6,2,csf_benchmark,raa_full,13,13
1.0,159,1.0,0.5,0.4,1,csf_benchmark,raa_full,14,4
0.0,50,0.0,0.0,0.0,6,csf_benchmark,raa_full,15,5
0.0,54,0.25,0.16666666666666666,0.2,4,csf_benchmark,raa_full,16,6
1.0,195,1.0,0.5,0.6,1,csf_benchmark,raa_full,17,6
1.0,171,1.0,0.6,0.6,1,csf_benchmark,raa_full,18,5
0.0,172,0.5,1.0,0.4,2,csf_benchmark,raa_full,19,2
0.0,198,0.25,1.0,0.2,4,csf_benchmark,raa_full,20,1
0.0,171,0.5,0.25,0.2,2,csf_benchmark,raa_full,21,4
1.0,290,1.0,0.6666666666666666,0.8,1,csf_benchmark,raa_full,22,6
1.0,289,1.0,0.42857142857142855,0.6,1,csf_benchmark,raa_full,23,7
1.0,289,1.0,0.2,0.2,1,csf_benchmark,raa_full,24,5
0.0,293,0.0,0.0,0.0,9,csf_benchmark,raa_full,25,6
0.0,293,0.0,0.0,0.0,10,csf_benchmark,raa_full,26,6
0.0,5,0.3333333333333333,0.18181818181818182,0.4,3,csf_benchmark,raa_full,27,11
1.0,119,1.0,0.5,0.8,1,csf_benchmark,raa_full,28,8
1.0,14,1.0,0.4,0.4,1,csf_benchmark,raa_full,29,5
1.0,4,1.0,0.375,0.6,1,csf_benchmark,raa_full,30,8
1.0,227,1.0,0.2,0.2,1,csf_benchmark,raa_full,31,5
1.0,13,1.0,0.3333333333333333,0.6,1,csf_benchmark,raa_full,32,9
0.0,152,0.0,0.0,0.0,14,csf_benchmark,raa_full,33,9
0.0,5,0.0,0.0,0.0,8,csf_benchmark,raa_full,34,3
0.0,184,0.0,0.0,0.0,8,csf_benchmark,raa_full,35,2
0.0,293,0.0,0.0,0.0,13,csf_benchmark,raa_full,36,3
0.0,184,0.5,0.5,0.2,2,csf_benchmark,raa_full,37,2
0.0,182,0.0,0.0,0.0,6,csf_benchmark,raa_full,38,4
1.0,243,1.0,0.125,0.2,1,csf_benchmark,raa_full,39,8
0.0,63,0.0,0.0,0.0,122,csf_benchmark,raa_full,40,2
0.0,225,0.5,0.25,0.2,2,csf_benchmark,raa_full,41,4
0.0,224,0.5,0.25,0.2,2,csf_benchmark,raa_full,42,4
0.0,63,0.0,0.0,0.0,62,csf_benchmark,raa_full,43,8
1.0,272,1.0,0.5,0.2,1,csf_benchmark,raa_full,44,2
0.0,49,0.0,0.0,0.0,92,csf_benchmark,raa_full,45,1
0.0,226,0.0,0.0,0.0,24,csf_benchmark,raa_full,46,1
1.0,52,1.0,0.1111111111111111,0.2,1,csf_benchmark,raa_full,47,9
1.0,204,1.0,0.4,0.4,1,csf_benchmark,raa_full,48,5
1.0,53,1.0,0.6666666666666666,0.4,1,csf_benchmark,raa_full,49,3
1.0,72,1.0,0.3333333333333333,0.2,1,csf_benchmark,raa_full,50,3
1.0,114,1.0,1.0,0.2,1,csf_benchmark,raa_full,51,1
0.0,63,0.0,0.0,0.0,26,csf_benchmark,raa_full,52,2
0.0,154,0.0,0.0,0.0,35,csf_benchmark,raa_full,53,9
0.0,222,0.0,0.0,0.0,34,csf_benchmark,raa_full,54,5
0.0,93,0.5,0.375,0.6,2,csf_benchmark,raa_full,55,8
0.0,93,0.0,0.0,0.0,6,csf_benchmark,raa_full,56,3
1.0,215,1.0,0.2,0.4,1,csf_benchmark,raa_full,57,10
1.0,196,1.0,0.25,0.2,1,csf_benchmark,raa_full,58,4
1.0,101,1.0,0.6,0.6,1,csf_benchmark,raa_full,59,5
0.0,103,0.0,0.0,0.0,6,csf_benchmark,raa_full,60,1
0.0,31,0.3333333333333333,0.2222222222222222,0.4,3,csf_benchmark,raa_full,61,9
1.0,112,1.0,0.5714285714285714,0.8,1,csf_benchmark,raa_full,62,7
1.0,57,1.0,0.5,0.2,1,csf_benchmark,raa_full,63,2
1.0,228,1.0,0.1875,0.6,1,csf_benchmark,raa_full,64,16
0.0,86,0.0,0.0,0.0,14,csf_benchmark,raa_full,65,8
0.0,142,0.5,0.2,0.2,2,csf_benchmark,raa_full,66,5
0.0,292,0.25,0.2,0.2,4,csf_benchmark,raa_full,67,5
0.0,30,0.0,0.0,0.0,26,csf_benchmark,raa_full,68,7
0.0,54,0.25,0.25,0.2,4,csf_benchmark,raa_full,69,4
0.0,29,0.3333333333333333,0.6666666666666666,0.4,3,csf_benchmark,raa_full,70,3
1.0,269,1.0,0.16666666666666666,0.2,1,csf_benchmark,raa_full,71,6
1.0,119,1.0,0.3333333333333333,0.2,1,csf_benchmark,raa_full,72,3
0.0,33,0.0,0.0,0.0,44,csf_benchmark,raa_full,73,6
1.0,268,1.0,0.25,0.2,1,csf_benchmark,raa_full,74,4
1.0,234,1.0,0.3333333333333333,0.2,1,csf_benchmark,raa_full,75,3
1.0,182,1.0,0.4,0.4,1,csf_benchmark,raa_full,76,5
1.0,269,1.0,0.2857142857142857,0.4,1,csf_benchmark,raa_full,77,7
1.0,196,1.0,1.0,0.2,1,csf_benchmark,raa_full,78,1
0.0,31,0.0,0.0,0.0,40,csf_benchmark,raa_full,79,3
0.0,93,0.2,0.1111111111111111,0.2,5,csf_benchmark,raa_full,80,9
0.0,125,0.0,0.0,0.0,12,csf_benchmark,raa_full,81,5
0.0,30,0.0,0.0,0.0,48,csf_benchmark,raa_full,82,5
0.0,125,0.0,0.0,0.0,18,csf_benchmark,raa_full,83,6
1.0,97,1.0,0.5,0.4,1,csf_benchmark,raa_full,84,4
1.0,97,1.0,0.25,0.2,1,csf_benchmark,raa_full,85,4
0.0,215,0.0,0.0,0.0,12,csf_benchmark,raa_full,86,3
0.0,222,0.25,0.3333333333333333,0.2,4,csf_benchmark,raa_full,87,3
0.0,137,0.25,0.25,0.2,4,csf_benchmark,raa_full,88,4
0.0,18,0.0,0.0,0.0,14,csf_benchmark,raa_full,89,2
0.0,125,0.0,0.0,0.0,20,csf_benchmark,raa_full,90,7
0.0,97,0.5,0.3333333333333333,0.2,2,csf_benchmark,raa_full,91,3
0.0,37,0.0,0.0,0.0,84,csf_benchmark,raa_full,92,2
1.0,93,1.0,0.4,0.4,1,csf_benchmark,raa_full,93,5
0.0,50,0.5,0.125,0.2,2,csf_benchmark,raa_full,94,8
0.0,72,0.0,0.0,0.0,9,csf_benchmark,raa_full,95,1
0.0,94,0.0,0.0,0.0,8,csf_benchmark,raa_full,96,1
1.0,196,1.0,0.2,0.2,1,csf_benchmark,raa_full,97,5
1.0,93,1.0,0.6666666666666666,0.4,1,csf_benchmark,raa_full,98,3
0.0,292,0.5,0.3333333333333333,0.2,2,csf_benchmark,raa_full,99,3
1.0,73,1.0,1.0,0.6,1,csf_benchmark,raa_full,100,3
0.0,73,0.5,0.3333333333333333,0.2,2,csf_benchmark,raa_full,101,3
0.0,292,0.2,0.3333333333333333,0.2,5,csf_benchmark,raa_full,102,3
0.0,233,0.0,0.0,0.0,118,csf_benchmark,raa_full,103,1
1.0,93,1.0,1.0,0.2,1,csf_benchmark,raa_full,104,1
0.0,50,0.0,0.0,0.0,6,csf_benchmark,raa_full,105,2
0.0,298,0.0,0.0,0.0,77,hipaa_benchmark,multi,0,1
1.0,195,1.0,0.5,0.2,1,hipaa_benchmark,multi,1,2
0.0,172,0.25,0.3333333333333333,0.2,4,hipaa_benchmark,multi,2,3
1.0,183,1.0,1.0,0.2,1,hipaa_benchmark,multi,3,1
1.0,33,1.0,0.16666666666666666,0.2,1,hipaa_benchmark,multi,4,6
0.0,176,0.0,0.0,0.0,28,hipaa_benchmark,multi,5,2
0.0,156,0.2,0.2,0.2,5,hipaa_benchmark,multi,6,5
0.0,43,0.0,0.0,0.0,6,hipaa_benchmark,multi,7,9
0.0,156,0.3333333333333333,0.14285714285714285,0.2,3,hipaa_benchmark,multi,8,7
1.0,179,1.0,0.3333333333333333,0.2,1,hipaa_benchmark,multi,9,3
0.0,2,0.0,0.0,0.0,9,hipaa_benchmark,multi,10,4
0.0,22,0.0,0.0,0.0,158,hipaa_benchmark,multi,11,3
0.0,21,0.3333333333333333,0.3333333333333333,0.4,3,hipaa_benchmark,multi,12,6
1.0,0,1.0,0.5,0.2,1,hipaa_benchmark,multi,13,2
1.0,26,1.0,0.75,0.6,1,hipaa_benchmark,multi,14,4
0.0,156,0.0,0.0,0.0,121,hipaa_benchmark,multi,15,2
0.0,156,0.0,0.0,0.0,167,hipaa_benchmark,multi,16,2
0.0,156,0.0,0.0,0.0,110,hipaa_benchmark,multi,17,2
0.0,267,0.0,0.0,0.0,42,hipaa_benchmark,multi,18,2
1.0,93,1.0,0.5,0.4,1,hipaa_benchmark,multi,19,4
1.0,95,1.0,0.5,0.6,1,hipaa_benchmark,multi,20,6
1.0,66,1.0,1.0,0.4,1,hipaa_benchmark,multi,21,2
0.0,200,0.0,0.0,0.0,6,hipaa_benchmark,multi,22,2
0.0,166,0.0,0.0,0.0,6,hipaa_benchmark,multi,23,2
1.0,73,1.0,0.16666666666666666,0.2,1,hipaa_benchmark,multi,24,6
0.0,75,0.0,0.0,0.0,17,hipaa_benchmark,multi,25,2
0.0,157,0.5,0.3333333333333333,0.2,2,hipaa_benchmark,multi,26,3
0.0,210,0.0,0.0,0.0,34,hipaa_benchmark,multi,27,5
0.0,78,0.0,0.0,0.0,103,hipaa_benchmark,multi,28,3
1.0,205,1.0,0.3333333333333333,0.2,1,hipaa_benchmark,multi,29,3
1.0,115,1.0,0.6,0.6,1,hipaa_benchmark,multi,30,5
0.0,115,0.0,0.0,0.0,8,hipaa_benchmark,multi,31,2
0.0,21,0.0,0.0,0.0,6,hipaa_benchmark,multi,32,5
0.0,124,0.5,0.16666666666666666,0.2,2,hipaa_benchmark,multi,33,6
0.0,265,0.5,0.6666666666666666,0.4,2,hipaa_benchmark,multi,34,3
0.0,206,0.3333333333333333,0.09090909090909091,0.2,3,hipaa_benchmark,multi,35,11
1.0,115,1.0,0.375,0.6,1,hipaa_benchmark,multi,36,8
1.0,108,1.0,0.3333333333333333,0.6,1,hipaa_benchmark,multi,37,9
0.0,134,0.0,0.0,0.0,6,hipaa_benchmark,multi,38,1
0.0,108,0.2,1.0,0.2,5,hipaa_benchmark,multi,39,1
0.0,248,0.5,0.2,0.2,2,hipaa_benchmark,multi,40,5
0.0,20,0.2,0.5,0.2,5,hipaa_benchmark,multi,41,2
0.0,181,0.5,0.5,0.4,2,hipaa_benchmark,multi,42,4
0.0,88,0.5,0.16666666666666666,0.2,2,hipaa_benchmark,multi,43,6
0.0,122,0.0,0.0,0.0,9,hipaa_benchmark,multi,44,3
0.0,135,0.0,0.0,0.0,209,hipaa_benchmark,multi,45,1
0.0,135,0.0,0.0,0.0,190,hipaa_benchmark,multi,46,1
1.0,33,1.0,0.2857142857142857,0.4,1,hipaa_benchmark,multi,47,7
1.0,266,1.0,0.3333333333333333,0.4,1,hipaa_benchmark,multi,48,6
0.0,251,0.0,0.0,0.0,15,hipaa_benchmark,multi,49,2
0.0,89,0.0,0.0,0.0,31,hipaa_benchmark,multi,50,5
0.0,117,0.25,1.0,0.2,4,hipaa_benchmark,multi,51,1
0.0,149,0.5,0.5,0.2,2,hipaa_benchmark,multi,52,2
0.0,260,0.0,0.0,0.0,26,hipaa_benchmark,multi,53,3
1.0,205,1.0,0.25,0.2,1,hipaa_benchmark,multi,54,4
0.0,226,0.0,0.0,0.0,187,hipaa_benchmark,multi,55,5
0.0,144,0.0,0.0,0.0,9,hipaa_benchmark,multi,56,4
0.0,232,0.3333333333333333,0.2,0.2,3,hipaa_benchmark,multi,57,5
0.0,68,0.0,0.0,0.0,8,hipaa_benchmark,multi,58,1
0.0,68,0.0,0.0,0.0,19,hipaa_benchmark,multi,59,1
0.0,68,0.0,0.0,0.0,14,hipaa_benchmark,multi,60,1
0.0,68,0.0,0.0,0.0,58,hipaa_benchmark,multi,61,1
0.0,68,0.0,0.0,0.0,8,hipaa_benchmark,multi,62,1
0.0,160,0.0,0.0,0.0,20,hipaa_benchmark,multi,63,4
1.0,44,1.0,0.5,0.2,1,hipaa_benchmark,multi,64,2
0.0,164,0.0,0.0,0.0,29,hipaa_benchmark,multi,65,1
0.0,206,0.2,0.05,0.2,5,hipaa_benchmark,multi,66,20
1.0,114,1.0,0.047619047619047616,0.2,1,hipaa_benchmark,multi,67,21
0.0,298,0.0,0.0,0.0,77,hipaa_benchmark,reform,0,1
1.0,195,1.0,0.5,0.2,1,hipaa_benchmark,reform,1,2
0.0,172,0.3333333333333333,0.3333333333333333,0.2,3,hipaa_benchmark,reform,2,3
1.0,183,1.0,1.0,0.2,1,hipaa_benchmark,reform,3,1
1.0,33,1.0,0.16666666666666666,0.2,1,hipaa_benchmark,reform,4,6
0.0,176,0.0,0.0,0.0,28,hipaa_benchmark,reform,5,2
0.0,156,0.2,0.2,0.2,5,hipaa_benchmark,reform,6,5
0.0,89,0.0,0.0,0.0,9,hipaa_benchmark,reform,7,9
0.0,156,0.0,0.0,0.0,7,hipaa_benchmark,reform,8,7
1.0,179,1.0,0.3333333333333333,0.2,1,hipaa_benchmark,reform,9,3
0.0,2,0.0,0.0,0.0,9,hipaa_benchmark,reform,10,4
0.0,82,0.0,0.0,0.0,178,hipaa_benchmark,reform,11,3
0.0,21,0.3333333333333333,0.3333333333333333,0.4,3,hipaa_benchmark,reform,12,6
0.0,89,0.5,0.5,0.2,2,hipaa_benchmark,reform,13,2
1.0,26,1.0,0.75,0.6,1,hipaa_benchmark,reform,14,4
0.0,156,0.0,0.0,0.0,121,hipaa_benchmark,reform,15,2
0.0,156,0.0,0.0,0.0,167,hipaa_benchmark,reform,16,2
0.0,156,0.0,0.0,0.0,151,hipaa_benchmark,reform,17,2
0.0,267,0.0,0.0,0.0,42,hipaa_benchmark,reform,18,2
1.0,93,1.0,0.5,0.4,1,hipaa_benchmark,reform,19,4
1.0,95,1.0,0.6666666666666666,0.8,1,hipaa_benchmark,reform,20,6
1.0,66,1.0,1.0,0.4,1,hipaa_benchmark,reform,21,2
0.0,200,0.0,0.0,0.0,6,hipaa_benchmark,reform,22,2
0.0,73,0.0,0.0,0.0,9,hipaa_benchmark,reform,23,2
1.0,73,1.0,0.16666666666666666,0.2,1,hipaa_benchmark,reform,24,6
0.0,75,0.0,0.0,0.0,17,hipaa_benchmark,reform,25,2
0.0,157,0.5,0.3333333333333333,0.2,2,hipaa_benchmark,reform,26,3
0.0,210,0.0,0.0,0.0,34,hipaa_benchmark,reform,27,5
0.0,78,0.0,0.0,0.0,103,hipaa_benchmark,reform,28,3
1.0,205,1.0,0.3333333333333333,0.2,1,hipaa_benchmark,reform,29,3
1.0,115,1.0,0.6,0.6,1,hipaa_benchmark,reform,30,5
0.0,115,0.0,0.0,0.0,8,hipaa_benchmark,reform,31,2
0.0,21,0.0,0.0,0.0,6,hipaa_benchmark,reform,32,5
0.0,124,0.5,0.16666666666666666,0.2,2,hipaa_benchmark,reform,33,6
0.0,265,0.5,0.6666666666666666,0.4,2,hipaa_benchmark,reform,34,3
0.0,119,0.5,0.18181818181818182,0.4,2,hipaa_benchmark,reform,35,11
1.0,115,1.0,0.375,0.6,1,hipaa_benchmark,reform,36,8
1.0,111,1.0,0.4444444444444444,0.8,1,hipaa_benchmark,reform,37,9
0.0,134,0.0,0.0,0.0,6,hipaa_benchmark,reform,38,1
0.0,108,0.2,1.0,0.2,5,hipaa_benchmark,reform,39,1
0.0,248,0.5,0.2,0.2,2,hipaa_benchmark,reform,40,5
0.0,20,0.2,0.5,0.2,5,hipaa_benchmark,reform,41,2
0.0,181,0.5,0.5,0.4,2,hipaa_benchmark,reform,42,4
0.0,88,0.5,0.16666666666666666,0.2,2,hipaa_benchmark,reform,43,6
0.0,122,0.0,0.0,0.0,9,hipaa_benchmark,reform,44,3
0.0,135,0.0,0.0,0.0,209,hipaa_benchmark,reform,45,1
1.0,230,1.0,1.0,0.2,1,hipaa_benchmark,reform,46,1
1.0,33,1.0,0.2857142857142857,0.4,1,hipaa_benchmark,reform,47,7
1.0,266,1.0,0.3333333333333333,0.4,1,hipaa_benchmark,reform,48,6
0.0,251,0.0,0.0,0.0,15,hipaa_benchmark,reform,49,2
0.0,89,0.0,0.0,0.0,31,hipaa_benchmark,reform,50,5
0.0,117,0.25,1.0,0.2,4,hipaa_benchmark,reform,51,1
0.0,296,0.3333333333333333,0.5,0.2,3,hipaa_benchmark,reform,52,2
0.0,260,0.0,0.0,0.0,26,hipaa_benchmark,reform,53,3
1.0,205,1.0,0.25,0.2,1,hipaa_benchmark,reform,54,4
0.0,226,0.0,0.0,0.0,187,hipaa_benchmark,reform,55,5
0.0,144,0.0,0.0,0.0,9,hipaa_benchmark,reform,56,4
0.0,232,0.3333333333333333,0.2,0.2,3,hipaa_benchmark,reform,57,5
0.0,68,0.0,0.0,0.0,8,hipaa_benchmark,reform,58,1
0.0,68,0.0,0.0,0.0,17,hipaa_benchmark,reform,59,1
0.0,68,0.0,0.0,0.0,14,hipaa_benchmark,reform,60,1
0.0,68,0.0,0.0,0.0,58,hipaa_benchmark,reform,61,1
0.0,68,0.0,0.0,0.0,8,hipaa_benchmark,reform,62,1
0.0,160,0.0,0.0,0.0,20,hipaa_benchmark,reform,63,4
1.0,44,1.0,0.5,0.2,1,hipaa_benchmark,reform,64,2
0.0,164,0.0,0.0,0.0,29,hipaa_benchmark,reform,65,1
0.0,206,0.2,0.05,0.2,5,hipaa_benchmark,reform,66,20
0.0,97,0.2,0.047619047619047616,0.2,5,hipaa_benchmark,reform,67,21
0.0,298,0.0,0.0,0.0,77,hipaa_benchmark,raa_full,0,1
1.0,195,1.0,0.5,0.2,1,hipaa_benchmark,raa_full,1,2
0.0,172,0.3333333333333333,0.3333333333333333,0.2,3,hipaa_benchmark,raa_full,2,3
1.0,183,1.0,1.0,0.2,1,hipaa_benchmark,raa_full,3,1
1.0,33,1.0,0.16666666666666666,0.2,1,hipaa_benchmark,raa_full,4,6
0.0,176,0.0,0.0,0.0,28,hipaa_benchmark,raa_full,5,2
0.0,156,0.2,0.2,0.2,5,hipaa_benchmark,raa_full,6,5
0.0,89,0.0,0.0,0.0,9,hipaa_benchmark,raa_full,7,9
0.0,156,0.0,0.0,0.0,7,hipaa_benchmark,raa_full,8,7
1.0,179,1.0,0.3333333333333333,0.2,1,hipaa_benchmark,raa_full,9,3
0.0,2,0.0,0.0,0.0,9,hipaa_benchmark,raa_full,10,4
0.0,82,0.0,0.0,0.0,178,hipaa_benchmark,raa_full,11,3
0.0,21,0.3333333333333333,0.3333333333333333,0.4,3,hipaa_benchmark,raa_full,12,6
0.0,89,0.5,0.5,0.2,2,hipaa_benchmark,raa_full,13,2
1.0,26,1.0,0.75,0.6,1,hipaa_benchmark,raa_full,14,4
0.0,156,0.0,0.0,0.0,121,hipaa_benchmark,raa_full,15,2
0.0,156,0.0,0.0,0.0,167,hipaa_benchmark,raa_full,16,2
0.0,156,0.0,0.0,0.0,151,hipaa_benchmark,raa_full,17,2
0.0,267,0.0,0.0,0.0,42,hipaa_benchmark,raa_full,18,2
1.0,93,1.0,0.5,0.4,1,hipaa_benchmark,raa_full,19,4
1.0,95,1.0,0.6666666666666666,0.8,1,hipaa_benchmark,raa_full,20,6
1.0,66,1.0,1.0,0.4,1,hipaa_benchmark,raa_full,21,2
0.0,200,0.0,0.0,0.0,6,hipaa_benchmark,raa_full,22,2
0.0,73,0.0,0.0,0.0,9,hipaa_benchmark,raa_full,23,2
1.0,73,1.0,0.16666666666666666,0.2,1,hipaa_benchmark,raa_full,24,6
0.0,75,0.0,0.0,0.0,17,hipaa_benchmark,raa_full,25,2
0.0,157,0.5,0.3333333333333333,0.2,2,hipaa_benchmark,raa_full,26,3
0.0,210,0.0,0.0,0.0,34,hipaa_benchmark,raa_full,27,5
0.0,78,0.0,0.0,0.0,103,hipaa_benchmark,raa_full,28,3
1.0,205,1.0,0.3333333333333333,0.2,1,hipaa_benchmark,raa_full,29,3
1.0,115,1.0,0.6,0.6,1,hipaa_benchmark,raa_full,30,5
0.0,115,0.0,0.0,0.0,8,hipaa_benchmark,raa_full,31,2
0.0,21,0.0,0.0,0.0,6,hipaa_benchmark,raa_full,32,5
0.0,124,0.5,0.16666666666666666,0.2,2,hipaa_benchmark,raa_full,33,6
0.0,265,0.5,0.6666666666666666,0.4,2,hipaa_benchmark,raa_full,34,3
0.0,119,0.5,0.18181818181818182,0.4,2,hipaa_benchmark,raa_full,35,11
1.0,115,1.0,0.375,0.6,1,hipaa_benchmark,raa_full,36,8
1.0,111,1.0,0.4444444444444444,0.8,1,hipaa_benchmark,raa_full,37,9
0.0,134,0.0,0.0,0.0,6,hipaa_benchmark,raa_full,38,1
0.0,108,0.2,1.0,0.2,5,hipaa_benchmark,raa_full,39,1
0.0,248,0.5,0.2,0.2,2,hipaa_benchmark,raa_full,40,5
0.0,20,0.2,0.5,0.2,5,hipaa_benchmark,raa_full,41,2
0.0,181,0.5,0.5,0.4,2,hipaa_benchmark,raa_full,42,4
0.0,88,0.5,0.16666666666666666,0.2,2,hipaa_benchmark,raa_full,43,6
0.0,122,0.0,0.0,0.0,9,hipaa_benchmark,raa_full,44,3
0.0,135,0.0,0.0,0.0,209,hipaa_benchmark,raa_full,45,1
1.0,230,1.0,1.0,0.2,1,hipaa_benchmark,raa_full,46,1
1.0,33,1.0,0.2857142857142857,0.4,1,hipaa_benchmark,raa_full,47,7
1.0,266,1.0,0.3333333333333333,0.4,1,hipaa_benchmark,raa_full,48,6
0.0,251,0.0,0.0,0.0,15,hipaa_benchmark,raa_full,49,2
0.0,89,0.0,0.0,0.0,31,hipaa_benchmark,raa_full,50,5
0.0,117,0.25,1.0,0.2,4,hipaa_benchmark,raa_full,51,1
0.0,296,0.3333333333333333,0.5,0.2,3,hipaa_benchmark,raa_full,52,2
0.0,260,0.0,0.0,0.0,26,hipaa_benchmark,raa_full,53,3
1.0,205,1.0,0.25,0.2,1,hipaa_benchmark,raa_full,54,4
0.0,226,0.0,0.0,0.0,187,hipaa_benchmark,raa_full,55,5
0.0,144,0.0,0.0,0.0,9,hipaa_benchmark,raa_full,56,4
0.0,232,0.3333333333333333,0.2,0.2,3,hipaa_benchmark,raa_full,57,5
0.0,68,0.0,0.0,0.0,10,hipaa_benchmark,raa_full,58,1
0.0,68,0.0,0.0,0.0,17,hipaa_benchmark,raa_full,59,1
0.0,68,0.0,0.0,0.0,14,hipaa_benchmark,raa_full,60,1
0.0,68,0.0,0.0,0.0,58,hipaa_benchmark,raa_full,61,1
0.0,68,0.0,0.0,0.0,8,hipaa_benchmark,raa_full,62,1
0.0,160,0.0,0.0,0.0,20,hipaa_benchmark,raa_full,63,4
1.0,44,1.0,0.5,0.2,1,hipaa_benchmark,raa_full,64,2
0.0,164,0.0,0.0,0.0,29,hipaa_benchmark,raa_full,65,1
0.0,206,0.2,0.05,0.2,5,hipaa_benchmark,raa_full,66,20
0.0,97,0.2,0.047619047619047616,0.2,5,hipaa_benchmark,raa_full,67,21
0.0,284,0.0,0.0,0.0,6,pf_benchmark,multi,0,4
0.0,208,0.0,0.0,0.0,32,pf_benchmark,multi,1,2
0.0,129,0.2,1.0,0.2,5,pf_benchmark,multi,2,1
1.0,63,1.0,1.0,0.2,1,pf_benchmark,multi,3,1
1.0,63,1.0,0.25,0.2,1,pf_benchmark,multi,4,4
1.0,63,1.0,0.3333333333333333,0.2,1,pf_benchmark,multi,5,3
0.0,50,0.5,0.3333333333333333,0.2,2,pf_benchmark,multi,6,3
0.0,291,0.3333333333333333,1.0,0.2,3,pf_benchmark,multi,7,1
0.0,187,0.0,0.0,0.0,99,pf_benchmark,multi,8,2
0.0,157,0.3333333333333333,1.0,0.2,3,pf_benchmark,multi,9,1
0.0,229,0.0,0.0,0.0,34,pf_benchmark,multi,10,1
1.0,63,1.0,0.2,0.2,1,pf_benchmark,multi,11,5
1.0,63,1.0,0.3333333333333333,0.2,1,pf_benchmark,multi,12,3
0.0,54,0.2,0.25,0.2,5,pf_benchmark,multi,13,4
1.0,171,1.0,0.3333333333333333,0.4,1,pf_benchmark,multi,14,6
0.0,172,0.0,0.0,0.0,6,pf_benchmark,multi,15,7
1.0,195,1.0,0.125,0.2,1,pf_benchmark,multi,16,8
0.0,161,0.0,0.0,0.0,23,pf_benchmark,multi,17,6
0.0,68,0.0,0.0,0.0,19,pf_benchmark,multi,18,6
0.0,154,0.2,0.25,0.2,5,pf_benchmark,multi,19,4
1.0,156,1.0,0.3333333333333333,0.6,1,pf_benchmark,multi,20,9
0.0,208,0.0,0.0,0.0,7,pf_benchmark,multi,21,3
0.0,172,0.5,0.25,0.6,2,pf_benchmark,multi,22,12
0.0,172,0.3333333333333333,0.5,0.2,3,pf_benchmark,multi,23,2
0.0,198,0.25,1.0,0.2,4,pf_benchmark,multi,24,1
1.0,171,1.0,1.0,0.2,1,pf_benchmark,multi,25,1
1.0,156,1.0,0.25,0.2,1,pf_benchmark,multi,26,4
0.0,184,0.3333333333333333,0.5,0.2,3,pf_benchmark,multi,27,2
0.0,184,0.25,0.25,0.2,4,pf_benchmark,multi,28,4
1.0,208,1.0,0.6666666666666666,0.4,1,pf_benchmark,multi,29,3
0.0,198,0.3333333333333333,0.16666666666666666,0.2,3,pf_benchmark,multi,30,6
0.0,61,0.0,0.0,0.0,48,pf_benchmark,multi,31,4
0.0,183,0.0,0.0,0.0,13,pf_benchmark,multi,32,3
0.0,50,0.0,0.0,0.0,16,pf_benchmark,multi,33,5
0.0,63,0.0,0.0,0.0,8,pf_benchmark,multi,34,1
1.0,169,1.0,0.5,0.4,1,pf_benchmark,multi,35,4
0.0,47,0.3333333333333333,0.25,0.2,3,pf_benchmark,multi,36,4
0.0,20,0.0,0.0,0.0,6,pf_benchmark,multi,37,8
0.0,154,0.0,0.0,0.0,6,pf_benchmark,multi,38,6
1.0,204,1.0,0.1111111111111111,0.2,1,pf_benchmark,multi,39,9
0.0,283,0.0,0.0,0.0,32,pf_benchmark,multi,40,6
0.0,117,0.0,0.0,0.0,61,pf_benchmark,multi,41,8
0.0,283,0.0,0.0,0.0,124,pf_benchmark,multi,42,6
0.0,283,0.0,0.0,0.0,72,pf_benchmark,multi,43,7
0.0,63,0.0,0.0,0.0,27,pf_benchmark,multi,44,3
0.0,20,0.0,0.0,0.0,103,pf_benchmark,multi,45,2
0.0,20,0.0,0.0,0.0,6,pf_benchmark,multi,46,6
0.0,190,0.3333333333333333,0.2222222222222222,0.4,3,pf_benchmark,multi,47,9
0.0,149,0.0,0.0,0.0,43,pf_benchmark,multi,48,6
0.0,63,0.5,0.14285714285714285,0.2,2,pf_benchmark,multi,49,7
1.0,283,1.0,0.2857142857142857,0.4,1,pf_benchmark,multi,50,7
0.0,138,0.5,0.2222222222222222,0.4,2,pf_benchmark,multi,51,9
0.0,10,0.0,0.0,0.0,21,pf_benchmark,multi,52,3
1.0,13,1.0,0.5,0.2,1,pf_benchmark,multi,53,2
1.0,185,1.0,0.5,0.8,1,pf_benchmark,multi,54,8
0.0,163,0.0,0.0,0.0,13,pf_benchmark,multi,55,1
0.0,187,0.5,0.5,0.4,2,pf_benchmark,multi,56,4
0.0,82,0.5,0.6666666666666666,0.4,2,pf_benchmark,multi,57,3
0.0,209,0.0,0.0,0.0,12,pf_benchmark,multi,58,4
1.0,164,1.0,1.0,0.2,1,pf_benchmark,multi,59,1
0.0,63,0.0,0.0,0.0,59,pf_benchmark,multi,60,2
1.0,291,1.0,0.4,0.4,1,pf_benchmark,multi,61,5
0.0,30,0.0,0.0,0.0,221,pf_benchmark,multi,62,5
0.0,63,0.5,0.3333333333333333,0.2,2,pf_benchmark,multi,63,3
1.0,52,1.0,0.1111111111111111,0.2,1,pf_benchmark,multi,64,9
1.0,53,1.0,0.6666666666666666,0.4,1,pf_benchmark,multi,65,3
1.0,72,1.0,0.3333333333333333,0.2,1,pf_benchmark,multi,66,3
1.0,114,1.0,1.0,0.2,1,pf_benchmark,multi,67,1
0.0,154,0.0,0.0,0.0,34,pf_benchmark,multi,68,9
0.0,222,0.0,0.0,0.0,36,pf_benchmark,multi,69,5
1.0,73,1.0,0.375,0.6,1,pf_benchmark,multi,70,8
0.0,73,0.5,0.3333333333333333,0.2,2,pf_benchmark,multi,71,3
1.0,215,1.0,0.1,0.2,1,pf_benchmark,multi,72,10
1.0,196,1.0,0.25,0.2,1,pf_benchmark,multi,73,4
0.0,225,0.0,0.0,0.0,6,pf_benchmark,multi,74,11
1.0,116,1.0,0.5,0.8,1,pf_benchmark,multi,75,8
1.0,14,1.0,0.4,0.4,1,pf_benchmark,multi,76,5
1.0,4,1.0,0.375,0.6,1,pf_benchmark,multi,77,8
1.0,227,1.0,0.2,0.2,1,pf_benchmark,multi,78,5
0.0,152,0.0,0.0,0.0,19,pf_benchmark,multi,79,14
1.0,243,1.0,0.125,0.2,1,pf_benchmark,multi,80,8
0.0,63,0.0,0.0,0.0,173,pf_benchmark,multi,81,2
0.0,291,0.0,0.0,0.0,10,pf_benchmark,multi,82,4
0.0,224,0.5,0.25,0.2,2,pf_benchmark,multi,83,4
0.0,63,0.0,0.0,0.0,47,pf_benchmark,multi,84,8
1.0,272,1.0,0.3333333333333333,0.2,1,pf_benchmark,multi,85,3
0.0,49,0.0,0.0,0.0,81,pf_benchmark,multi,86,1
0.0,226,0.0,0.0,0.0,22,pf_benchmark,multi,87,1
1.0,101,1.0,0.6,0.6,1,pf_benchmark,multi,88,5
0.0,100,0.2,1.0,0.2,5,pf_benchmark,multi,89,1
1.0,112,1.0,0.5714285714285714,0.8,1,pf_benchmark,multi,90,7
1.0,57,1.0,0.5,0.2,1,pf_benchmark,multi,91,2
1.0,225,1.0,0.1875,0.6,1,pf_benchmark,multi,92,16
0.0,86,0.0,0.0,0.0,9,pf_benchmark,multi,93,8
0.0,284,0.0,0.0,0.0,6,pf_benchmark,reform,0,4
0.0,208,0.0,0.0,0.0,32,pf_benchmark,reform,1,2
0.0,129,0.2,1.0,0.2,5,pf_benchmark,reform,2,1
1.0,63,1.0,1.0,0.2,1,pf_benchmark,reform,3,1
1.0,63,1.0,0.25,0.2,1,pf_benchmark,reform,4,4
1.0,63,1.0,0.3333333333333333,0.2,1,pf_benchmark,reform,5,3
0.0,50,0.5,0.3333333333333333,0.2,2,pf_benchmark,reform,6,3
0.0,291,0.3333333333333333,1.0,0.2,3,pf_benchmark,reform,7,1
0.0,187,0.0,0.0,0.0,99,pf_benchmark,reform,8,2
0.0,157,0.3333333333333333,1.0,0.2,3,pf_benchmark,reform,9,1
0.0,229,0.0,0.0,0.0,34,pf_benchmark,reform,10,1
1.0,63,1.0,0.2,0.2,1,pf_benchmark,reform,11,5
1.0,63,1.0,0.3333333333333333,0.2,1,pf_benchmark,reform,12,3
1.0,195,1.0,0.5,0.4,1,pf_benchmark,reform,13,4
1.0,171,1.0,0.3333333333333333,0.4,1,pf_benchmark,reform,14,6
0.0,172,0.0,0.0,0.0,7,pf_benchmark,reform,15,7
1.0,195,1.0,0.25,0.4,1,pf_benchmark,reform,16,8
0.0,161,0.0,0.0,0.0,23,pf_benchmark,reform,17,6
0.0,31,0.0,0.0,0.0,11,pf_benchmark,reform,18,6
0.0,154,0.2,0.25,0.2,5,pf_benchmark,reform,19,4
1.0,156,1.0,0.3333333333333333,0.6,1,pf_benchmark,reform,20,9
0.0,208,0.0,0.0,0.0,7,pf_benchmark,reform,21,3
0.0,172,0.5,0.3333333333333333,0.8,2,pf_benchmark,reform,22,12
0.0,172,0.5,1.0,0.4,2,pf_benchmark,reform,23,2
0.0,198,0.25,1.0,0.2,4,pf_benchmark,reform,24,1
0.0,195,0.5,1.0,0.2,2,pf_benchmark,reform,25,1
1.0,156,1.0,0.25,0.2,1,pf_benchmark,reform,26,4
0.0,184,0.3333333333333333,0.5,0.2,3,pf_benchmark,reform,27,2
0.0,184,0.25,0.25,0.2,4,pf_benchmark,reform,28,4
1.0,208,1.0,0.6666666666666666,0.4,1,pf_benchmark,reform,29,3
1.0,195,1.0,0.16666666666666666,0.2,1,pf_benchmark,reform,30,6
0.0,61,0.0,0.0,0.0,48,pf_benchmark,reform,31,4
0.0,183,0.0,0.0,0.0,13,pf_benchmark,reform,32,3
0.0,50,0.0,0.0,0.0,16,pf_benchmark,reform,33,5
0.0,63,0.0,0.0,0.0,8,pf_benchmark,reform,34,1
1.0,169,1.0,0.5,0.4,1,pf_benchmark,reform,35,4
0.0,47,0.3333333333333333,0.25,0.2,3,pf_benchmark,reform,36,4
0.0,20,0.0,0.0,0.0,6,pf_benchmark,reform,37,8
0.0,154,0.0,0.0,0.0,6,pf_benchmark,reform,38,6
1.0,204,1.0,0.1111111111111111,0.2,1,pf_benchmark,reform,39,9
0.0,283,0.0,0.0,0.0,32,pf_benchmark,reform,40,6
0.0,117,0.0,0.0,0.0,61,pf_benchmark,reform,41,8
0.0,283,0.0,0.0,0.0,124,pf_benchmark,reform,42,6
0.0,283,0.0,0.0,0.0,72,pf_benchmark,reform,43,7
0.0,63,0.0,0.0,0.0,27,pf_benchmark,reform,44,3
0.0,226,0.0,0.0,0.0,154,pf_benchmark,reform,45,2
0.0,20,0.0,0.0,0.0,6,pf_benchmark,reform,46,6
0.0,190,0.3333333333333333,0.2222222222222222,0.4,3,pf_benchmark,reform,47,9
0.0,149,0.0,0.0,0.0,36,pf_benchmark,reform,48,6
0.0,63,0.5,0.14285714285714285,0.2,2,pf_benchmark,reform,49,7
1.0,283,1.0,0.2857142857142857,0.4,1,pf_benchmark,reform,50,7
1.0,140,1.0,0.2222222222222222,0.4,1,pf_benchmark,reform,51,9
0.0,142,0.0,0.0,0.0,22,pf_benchmark,reform,52,3
1.0,13,1.0,0.5,0.2,1,pf_benchmark,reform,53,2
1.0,185,1.0,0.5,0.8,1,pf_benchmark,reform,54,8
0.0,163,0.0,0.0,0.0,13,pf_benchmark,reform,55,1
0.0,187,0.5,0.5,0.4,2,pf_benchmark,reform,56,4
0.0,82,0.5,0.6666666666666666,0.4,2,pf_benchmark,reform,57,3
0.0,206,0.5,0.25,0.2,2,pf_benchmark,reform,58,4
1.0,164,1.0,1.0,0.2,1,pf_benchmark,reform,59,1
0.0,20,0.0,0.0,0.0,58,pf_benchmark,reform,60,2
1.0,291,1.0,0.4,0.4,1,pf_benchmark,reform,61,5
0.0,30,0.25,0.2,0.2,4,pf_benchmark,reform,62,5
0.0,63,0.5,0.3333333333333333,0.2,2,pf_benchmark,reform,63,3
1.0,52,1.0,0.1111111111111111,0.2,1,pf_benchmark,reform,64,9
1.0,53,1.0,0.6666666666666666,0.4,1,pf_benchmark,reform,65,3
1.0,72,1.0,0.3333333333333333,0.2,1,pf_benchmark,reform,66,3
1.0,114,1.0,1.0,0.2,1,pf_benchmark,reform,67,1
0.0,154,0.0,0.0,0.0,34,pf_benchmark,reform,68,9
0.0,222,0.0,0.0,0.0,36,pf_benchmark,reform,69,5
0.0,93,0.5,0.375,0.6,2,pf_benchmark,reform,70,8
0.0,73,0.5,0.3333333333333333,0.2,2,pf_benchmark,reform,71,3
1.0,215,1.0,0.1,0.2,1,pf_benchmark,reform,72,10
1.0,196,1.0,0.25,0.2,1,pf_benchmark,reform,73,4
0.0,225,0.0,0.0,0.0,6,pf_benchmark,reform,74,11
1.0,116,1.0,0.5,0.8,1,pf_benchmark,reform,75,8
1.0,14,1.0,0.4,0.4,1,pf_benchmark,reform,76,5
1.0,4,1.0,0.375,0.6,1,pf_benchmark,reform,77,8
1.0,227,1.0,0.2,0.2,1,pf_benchmark,reform,78,5
0.0,195,0.0,0.0,0.0,29,pf_benchmark,reform,79,14
1.0,243,1.0,0.125,0.2,1,pf_benchmark,reform,80,8
0.0,63,0.0,0.0,0.0,173,pf_benchmark,reform,81,2
0.0,291,0.0,0.0,0.0,14,pf_benchmark,reform,82,4
0.0,224,0.5,0.25,0.2,2,pf_benchmark,reform,83,4
0.0,63,0.0,0.0,0.0,47,pf_benchmark,reform,84,8
1.0,272,1.0,0.3333333333333333,0.2,1,pf_benchmark,reform,85,3
0.0,49,0.0,0.0,0.0,81,pf_benchmark,reform,86,1
0.0,226,0.0,0.0,0.0,22,pf_benchmark,reform,87,1
1.0,101,1.0,0.6,0.6,1,pf_benchmark,reform,88,5
0.0,103,0.0,0.0,0.0,6,pf_benchmark,reform,89,1
1.0,112,1.0,0.5714285714285714,0.8,1,pf_benchmark,reform,90,7
1.0,57,1.0,0.5,0.2,1,pf_benchmark,reform,91,2
1.0,228,1.0,0.1875,0.6,1,pf_benchmark,reform,92,16
0.0,86,0.0,0.0,0.0,9,pf_benchmark,reform,93,8
0.0,284,0.0,0.0,0.0,6,pf_benchmark,raa_full,0,4
0.0,208,0.0,0.0,0.0,32,pf_benchmark,raa_full,1,2
0.0,129,0.2,1.0,0.2,5,pf_benchmark,raa_full,2,1
1.0,63,1.0,1.0,0.2,1,pf_benchmark,raa_full,3,1
1.0,63,1.0,0.25,0.2,1,pf_benchmark,raa_full,4,4
1.0,63,1.0,0.3333333333333333,0.2,1,pf_benchmark,raa_full,5,3
0.0,50,0.5,0.3333333333333333,0.2,2,pf_benchmark,raa_full,6,3
0.0,291,0.3333333333333333,1.0,0.2,3,pf_benchmark,raa_full,7,1
0.0,187,0.0,0.0,0.0,99,pf_benchmark,raa_full,8,2
0.0,157,0.3333333333333333,1.0,0.2,3,pf_benchmark,raa_full,9,1
0.0,229,0.0,0.0,0.0,34,pf_benchmark,raa_full,10,1
1.0,63,1.0,0.2,0.2,1,pf_benchmark,raa_full,11,5
1.0,63,1.0,0.3333333333333333,0.2,1,pf_benchmark,raa_full,12,3
1.0,195,1.0,0.5,0.4,1,pf_benchmark,raa_full,13,4
1.0,171,1.0,0.3333333333333333,0.4,1,pf_benchmark,raa_full,14,6
0.0,172,0.0,0.0,0.0,7,pf_benchmark,raa_full,15,7
1.0,195,1.0,0.25,0.4,1,pf_benchmark,raa_full,16,8
0.0,161,0.0,0.0,0.0,23,pf_benchmark,raa_full,17,6
0.0,31,0.0,0.0,0.0,11,pf_benchmark,raa_full,18,6
0.0,154,0.2,0.25,0.2,5,pf_benchmark,raa_full,19,4
1.0,156,1.0,0.3333333333333333,0.6,1,pf_benchmark,raa_full,20,9
0.0,208,0.0,0.0,0.0,7,pf_benchmark,raa_full,21,3
0.0,172,0.5,0.3333333333333333,0.8,2,pf_benchmark,raa_full,22,12
0.0,172,0.5,1.0,0.4,2,pf_benchmark,raa_full,23,2
0.0,198,0.25,1.0,0.2,4,pf_benchmark,raa_full,24,1
0.0,195,0.5,1.0,0.2,2,pf_benchmark,raa_full,25,1
1.0,156,1.0,0.25,0.2,1,pf_benchmark,raa_full,26,4
0.0,184,0.3333333333333333,0.5,0.2,3,pf_benchmark,raa_full,27,2
0.0,184,0.25,0.25,0.2,4,pf_benchmark,raa_full,28,4
1.0,208,1.0,0.6666666666666666,0.4,1,pf_benchmark,raa_full,29,3
1.0,195,1.0,0.16666666666666666,0.2,1,pf_benchmark,raa_full,30,6
0.0,61,0.0,0.0,0.0,48,pf_benchmark,raa_full,31,4
0.0,183,0.0,0.0,0.0,13,pf_benchmark,raa_full,32,3
0.0,50,0.0,0.0,0.0,16,pf_benchmark,raa_full,33,5
0.0,63,0.0,0.0,0.0,8,pf_benchmark,raa_full,34,1
1.0,169,1.0,0.5,0.4,1,pf_benchmark,raa_full,35,4
0.0,47,0.3333333333333333,0.25,0.2,3,pf_benchmark,raa_full,36,4
0.0,20,0.0,0.0,0.0,6,pf_benchmark,raa_full,37,8
0.0,154,0.0,0.0,0.0,6,pf_benchmark,raa_full,38,6
1.0,204,1.0,0.1111111111111111,0.2,1,pf_benchmark,raa_full,39,9
0.0,283,0.0,0.0,0.0,32,pf_benchmark,raa_full,40,6
0.0,117,0.0,0.0,0.0,61,pf_benchmark,raa_full,41,8
0.0,283,0.0,0.0,0.0,124,pf_benchmark,raa_full,42,6
0.0,283,0.0,0.0,0.0,72,pf_benchmark,raa_full,43,7
0.0,63,0.0,0.0,0.0,27,pf_benchmark,raa_full,44,3
0.0,226,0.0,0.0,0.0,154,pf_benchmark,raa_full,45,2
0.0,20,0.0,0.0,0.0,6,pf_benchmark,raa_full,46,6
0.0,190,0.3333333333333333,0.2222222222222222,0.4,3,pf_benchmark,raa_full,47,9
0.0,149,0.0,0.0,0.0,36,pf_benchmark,raa_full,48,6
0.0,63,0.5,0.14285714285714285,0.2,2,pf_benchmark,raa_full,49,7
1.0,283,1.0,0.2857142857142857,0.4,1,pf_benchmark,raa_full,50,7
1.0,140,1.0,0.2222222222222222,0.4,1,pf_benchmark,raa_full,51,9
0.0,142,0.0,0.0,0.0,22,pf_benchmark,raa_full,52,3
1.0,13,1.0,0.5,0.2,1,pf_benchmark,raa_full,53,2
1.0,185,1.0,0.5,0.8,1,pf_benchmark,raa_full,54,8
0.0,163,0.0,0.0,0.0,13,pf_benchmark,raa_full,55,1
0.0,187,0.5,0.5,0.4,2,pf_benchmark,raa_full,56,4
0.0,82,0.5,0.6666666666666666,0.4,2,pf_benchmark,raa_full,57,3
0.0,206,0.5,0.25,0.2,2,pf_benchmark,raa_full,58,4
1.0,164,1.0,1.0,0.2,1,pf_benchmark,raa_full,59,1
0.0,20,0.0,0.0,0.0,58,pf_benchmark,raa_full,60,2
1.0,291,1.0,0.4,0.4,1,pf_benchmark,raa_full,61,5
0.0,30,0.25,0.2,0.2,4,pf_benchmark,raa_full,62,5
0.0,63,0.5,0.3333333333333333,0.2,2,pf_benchmark,raa_full,63,3
1.0,52,1.0,0.1111111111111111,0.2,1,pf_benchmark,raa_full,64,9
1.0,53,1.0,0.6666666666666666,0.4,1,pf_benchmark,raa_full,65,3
1.0,72,1.0,0.3333333333333333,0.2,1,pf_benchmark,raa_full,66,3
1.0,114,1.0,1.0,0.2,1,pf_benchmark,raa_full,67,1
0.0,154,0.0,0.0,0.0,34,pf_benchmark,raa_full,68,9
0.0,222,0.0,0.0,0.0,36,pf_benchmark,raa_full,69,5
0.0,93,0.5,0.375,0.6,2,pf_benchmark,raa_full,70,8
0.0,73,0.5,0.3333333333333333,0.2,2,pf_benchmark,raa_full,71,3
1.0,215,1.0,0.1,0.2,1,pf_benchmark,raa_full,72,10
1.0,196,1.0,0.25,0.2,1,pf_benchmark,raa_full,73,4
0.0,225,0.0,0.0,0.0,6,pf_benchmark,raa_full,74,11
1.0,116,1.0,0.5,0.8,1,pf_benchmark,raa_full,75,8
1.0,14,1.0,0.4,0.4,1,pf_benchmark,raa_full,76,5
1.0,4,1.0,0.375,0.6,1,pf_benchmark,raa_full,77,8
1.0,227,1.0,0.2,0.2,1,pf_benchmark,raa_full,78,5
0.0,195,0.0,0.0,0.0,29,pf_benchmark,raa_full,79,14
1.0,243,1.0,0.125,0.2,1,pf_benchmark,raa_full,80,8
0.0,63,0.0,0.0,0.0,173,pf_benchmark,raa_full,81,2
0.0,291,0.0,0.0,0.0,14,pf_benchmark,raa_full,82,4
0.0,224,0.5,0.25,0.2,2,pf_benchmark,raa_full,83,4
0.0,63,0.0,0.0,0.0,47,pf_benchmark,raa_full,84,8
1.0,272,1.0,0.3333333333333333,0.2,1,pf_benchmark,raa_full,85,3
0.0,49,0.0,0.0,0.0,81,pf_benchmark,raa_full,86,1
0.0,226,0.0,0.0,0.0,22,pf_benchmark,raa_full,87,1
1.0,101,1.0,0.6,0.6,1,pf_benchmark,raa_full,88,5
0.0,103,0.0,0.0,0.0,6,pf_benchmark,raa_full,89,1
1.0,112,1.0,0.5714285714285714,0.8,1,pf_benchmark,raa_full,90,7
1.0,57,1.0,0.5,0.2,1,pf_benchmark,raa_full,91,2
1.0,228,1.0,0.1875,0.6,1,pf_benchmark,raa_full,92,16
0.0,86,0.0,0.0,0.0,9,pf_benchmark,raa_full,93,8
0.0,87,0.5,0.25,0.2,2,diagnostic_benchmark,multi,0,4
1.0,4,1.0,0.6666666666666666,0.4,1,diagnostic_benchmark,multi,1,3
1.0,6,1.0,0.6666666666666666,0.4,1,diagnostic_benchmark,multi,2,3
1.0,7,1.0,1.0,0.2,1,diagnostic_benchmark,multi,3,1
0.0,11,0.5,1.0,0.2,2,diagnostic_benchmark,multi,4,1
0.0,7,0.5,1.0,0.2,2,diagnostic_benchmark,multi,5,1
0.0,50,0.5,1.0,0.2,2,diagnostic_benchmark,multi,6,1
1.0,11,1.0,1.0,0.2,1,diagnostic_benchmark,multi,7,1
0.0,78,0.3333333333333333,0.6666666666666666,0.4,3,diagnostic_benchmark,multi,8,3
0.0,13,0.3333333333333333,0.6666666666666666,0.4,3,diagnostic_benchmark,multi,9,3
1.0,16,1.0,1.0,0.2,1,diagnostic_benchmark,multi,10,1
0.0,86,0.0,0.0,0.0,46,diagnostic_benchmark,multi,11,2
0.0,56,0.0,0.0,0.0,85,diagnostic_benchmark,multi,12,1
0.0,93,0.0,0.0,0.0,89,diagnostic_benchmark,multi,13,1
1.0,21,1.0,1.0,0.4,1,diagnostic_benchmark,multi,14,2
0.0,30,0.0,0.0,0.0,51,diagnostic_benchmark,multi,15,1
0.0,103,0.2,0.5,0.2,5,diagnostic_benchmark,multi,16,2
0.0,11,0.0,0.0,0.0,6,diagnostic_benchmark,multi,17,2
0.0,29,0.3333333333333333,1.0,0.2,3,diagnostic_benchmark,multi,18,1
0.0,95,0.0,0.0,0.0,15,diagnostic_benchmark,multi,19,2
0.0,47,0.0,0.0,0.0,17,diagnostic_benchmark,multi,20,2
0.0,36,0.0,0.0,0.0,11,diagnostic_benchmark,multi,21,1
1.0,29,1.0,1.0,0.2,1,diagnostic_benchmark,multi,22,1
1.0,30,1.0,0.5,0.2,1,diagnostic_benchmark,multi,23,2
1.0,31,1.0,1.0,0.2,1,diagnostic_benchmark,multi,24,1
0.0,80,0.5,0.5,0.2,2,diagnostic_benchmark,multi,25,2
1.0,33,1.0,1.0,0.2,1,diagnostic_benchmark,multi,26,1
1.0,34,1.0,0.5,0.2,1,diagnostic_benchmark,multi,27,2
1.0,35,1.0,1.0,0.2,1,diagnostic_benchmark,multi,28,1
0.0,89,0.5,1.0,0.2,2,diagnostic_benchmark,multi,29,1
1.0,37,1.0,0.5,0.2,1,diagnostic_benchmark,multi,30,2
0.0,94,0.0,0.0,0.0,6,diagnostic_benchmark,multi,31,2
1.0,39,1.0,0.5,0.2,1,diagnostic_benchmark,multi,32,2
1.0,40,1.0,1.0,0.2,1,diagnostic_benchmark,multi,33,1
1.0,41,1.0,1.0,0.2,1,diagnostic_benchmark,multi,34,1
0.0,83,0.0,0.0,0.0,104,diagnostic_benchmark,multi,35,1
0.0,30,0.0,0.0,0.0,101,diagnostic_benchmark,multi,36,1
1.0,44,1.0,1.0,0.2,1,diagnostic_benchmark,multi,37,1
1.0,45,1.0,1.0,0.2,1,diagnostic_benchmark,multi,38,1
1.0,46,1.0,1.0,0.2,1,diagnostic_benchmark,multi,39,1
1.0,47,1.0,1.0,0.2,1,diagnostic_benchmark,multi,40,1
0.0,19,0.0,0.0,0.0,6,diagnostic_benchmark,multi,41,1
1.0,49,1.0,1.0,0.2,1,diagnostic_benchmark,multi,42,1
1.0,50,1.0,0.5,0.2,1,diagnostic_benchmark,multi,43,2
0.0,53,0.25,0.5,0.2,4,diagnostic_benchmark,multi,44,2
1.0,52,1.0,1.0,0.2,1,diagnostic_benchmark,multi,45,1
1.0,53,1.0,1.0,0.2,1,diagnostic_benchmark,multi,46,1
1.0,54,1.0,1.0,0.2,1,diagnostic_benchmark,multi,47,1
1.0,55,1.0,0.5,0.2,1,diagnostic_benchmark,multi,48,2
0.0,44,0.5,1.0,0.2,2,diagnostic_benchmark,multi,49,1
0.0,60,0.5,1.0,0.2,2,diagnostic_benchmark,multi,50,1
1.0,58,1.0,1.0,0.2,1,diagnostic_benchmark,multi,51,1
1.0,59,1.0,1.0,0.2,1,diagnostic_benchmark,multi,52,1
0.0,9,0.0,0.0,0.0,17,diagnostic_benchmark,multi,53,1
0.0,46,0.0,0.0,0.0,37,diagnostic_benchmark,multi,54,2
0.0,50,0.0,0.0,0.0,24,diagnostic_benchmark,multi,55,2
0.0,44,0.0,0.0,0.0,15,diagnostic_benchmark,multi,56,1
0.0,52,0.3333333333333333,1.0,0.2,3,diagnostic_benchmark,multi,57,1
0.0,87,0.5,0.25,0.2,2,diagnostic_benchmark,reform,0,4
1.0,4,1.0,0.6666666666666666,0.4,1,diagnostic_benchmark,reform,1,3
1.0,6,1.0,1.0,0.6,1,diagnostic_benchmark,reform,2,3
1.0,7,1.0,1.0,0.2,1,diagnostic_benchmark,reform,3,1
1.0,8,1.0,1.0,0.2,1,diagnostic_benchmark,reform,4,1
1.0,9,1.0,1.0,0.2,1,diagnostic_benchmark,reform,5,1
0.0,50,0.5,1.0,0.2,2,diagnostic_benchmark,reform,6,1
1.0,11,1.0,1.0,0.2,1,diagnostic_benchmark,reform,7,1
0.0,78,0.3333333333333333,0.6666666666666666,0.4,3,diagnostic_benchmark,reform,8,3
1.0,15,1.0,0.6666666666666666,0.4,1,diagnostic_benchmark,reform,9,3
1.0,16,1.0,1.0,0.2,1,diagnostic_benchmark,reform,10,1
0.0,86,0.0,0.0,0.0,46,diagnostic_benchmark,reform,11,2
0.0,56,0.0,0.0,0.0,85,diagnostic_benchmark,reform,12,1
0.0,93,0.0,0.0,0.0,89,diagnostic_benchmark,reform,13,1
1.0,21,1.0,1.0,0.4,1,diagnostic_benchmark,reform,14,2
0.0,30,0.0,0.0,0.0,51,diagnostic_benchmark,reform,15,1
1.0,23,1.0,0.5,0.2,1,diagnostic_benchmark,reform,16,2
1.0,24,1.0,0.5,0.2,1,diagnostic_benchmark,reform,17,2
0.0,86,0.5,1.0,0.2,2,diagnostic_benchmark,reform,18,1
1.0,26,1.0,1.0,0.4,1,diagnostic_benchmark,reform,19,2
1.0,73,1.0,1.0,0.4,1,diagnostic_benchmark,reform,20,2
0.0,56,0.0,0.0,0.0,6,diagnostic_benchmark,reform,21,1
1.0,29,1.0,1.0,0.2,1,diagnostic_benchmark,reform,22,1
1.0,30,1.0,0.5,0.2,1,diagnostic_benchmark,reform,23,2
1.0,31,1.0,1.0,0.2,1,diagnostic_benchmark,reform,24,1
1.0,32,1.0,0.5,0.2,1,diagnostic_benchmark,reform,25,2
1.0,33,1.0,1.0,0.2,1,diagnostic_benchmark,reform,26,1
1.0,34,1.0,0.5,0.2,1,diagnostic_benchmark,reform,27,2
1.0,35,1.0,1.0,0.2,1,diagnostic_benchmark,reform,28,1
0.0,89,0.5,1.0,0.2,2,diagnostic_benchmark,reform,29,1
0.0,24,0.25,0.5,0.2,4,diagnostic_benchmark,reform,30,2
0.0,94,0.0,0.0,0.0,6,diagnostic_benchmark,reform,31,2
1.0,39,1.0,0.5,0.2,1,diagnostic_benchmark,reform,32,2
1.0,40,1.0,1.0,0.2,1,diagnostic_benchmark,reform,33,1
1.0,41,1.0,1.0,0.2,1,diagnostic_benchmark,reform,34,1
0.0,83,0.0,0.0,0.0,104,diagnostic_benchmark,reform,35,1
0.0,30,0.0,0.0,0.0,6,diagnostic_benchmark,reform,36,1
1.0,44,1.0,1.0,0.2,1,diagnostic_benchmark,reform,37,1
1.0,45,1.0,1.0,0.2,1,diagnostic_benchmark,reform,38,1
1.0,46,1.0,1.0,0.2,1,diagnostic_benchmark,reform,39,1
1.0,47,1.0,1.0,0.2,1,diagnostic_benchmark,reform,40,1
0.0,19,0.0,0.0,0.0,6,diagnostic_benchmark,reform,41,1
1.0,49,1.0,1.0,0.2,1,diagnostic_benchmark,reform,42,1
1.0,50,1.0,0.5,0.2,1,diagnostic_benchmark,reform,43,2
1.0,51,1.0,0.5,0.2,1,diagnostic_benchmark,reform,44,2
0.0,16,0.5,1.0,0.2,2,diagnostic_benchmark,reform,45,1
1.0,53,1.0,1.0,0.2,1,diagnostic_benchmark,reform,46,1
1.0,54,1.0,1.0,0.2,1,diagnostic_benchmark,reform,47,1
1.0,55,1.0,0.5,0.2,1,diagnostic_benchmark,reform,48,2
0.0,44,0.5,1.0,0.2,2,diagnostic_benchmark,reform,49,1
0.0,60,0.5,1.0,0.2,2,diagnostic_benchmark,reform,50,1
1.0,58,1.0,1.0,0.2,1,diagnostic_benchmark,reform,51,1
1.0,59,1.0,1.0,0.2,1,diagnostic_benchmark,reform,52,1
0.0,9,0.0,0.0,0.0,17,diagnostic_benchmark,reform,53,1
0.0,30,0.0,0.0,0.0,72,diagnostic_benchmark,reform,54,2
0.0,50,0.0,0.0,0.0,24,diagnostic_benchmark,reform,55,2
0.0,44,0.0,0.0,0.0,15,diagnostic_benchmark,reform,56,1
0.0,52,0.3333333333333333,1.0,0.2,3,diagnostic_benchmark,reform,57,1
0.0,87,0.5,0.25,0.2,2,diagnostic_benchmark,raa_full,0,4
1.0,4,1.0,0.6666666666666666,0.4,1,diagnostic_benchmark,raa_full,1,3
1.0,6,1.0,1.0,0.6,1,diagnostic_benchmark,raa_full,2,3
1.0,7,1.0,1.0,0.2,1,diagnostic_benchmark,raa_full,3,1
1.0,8,1.0,1.0,0.2,1,diagnostic_benchmark,raa_full,4,1
1.0,9,1.0,1.0,0.2,1,diagnostic_benchmark,raa_full,5,1
0.0,50,0.5,1.0,0.2,2,diagnostic_benchmark,raa_full,6,1
1.0,11,1.0,1.0,0.2,1,diagnostic_benchmark,raa_full,7,1
0.0,78,0.3333333333333333,0.6666666666666666,0.4,3,diagnostic_benchmark,raa_full,8,3
1.0,15,1.0,0.6666666666666666,0.4,1,diagnostic_benchmark,raa_full,9,3
1.0,16,1.0,1.0,0.2,1,diagnostic_benchmark,raa_full,10,1
0.0,86,0.0,0.0,0.0,46,diagnostic_benchmark,raa_full,11,2
0.0,56,0.0,0.0,0.0,85,diagnostic_benchmark,raa_full,12,1
0.0,93,0.0,0.0,0.0,89,diagnostic_benchmark,raa_full,13,1
1.0,21,1.0,1.0,0.4,1,diagnostic_benchmark,raa_full,14,2
0.0,30,0.0,0.0,0.0,51,diagnostic_benchmark,raa_full,15,1
1.0,23,1.0,0.5,0.2,1,diagnostic_benchmark,raa_full,16,2
1.0,24,1.0,0.5,0.2,1,diagnostic_benchmark,raa_full,17,2
0.0,86,0.5,1.0,0.2,2,diagnostic_benchmark,raa_full,18,1
1.0,26,1.0,1.0,0.4,1,diagnostic_benchmark,raa_full,19,2
1.0,73,1.0,1.0,0.4,1,diagnostic_benchmark,raa_full,20,2
0.0,56,0.0,0.0,0.0,6,diagnostic_benchmark,raa_full,21,1
1.0,29,1.0,1.0,0.2,1,diagnostic_benchmark,raa_full,22,1
1.0,30,1.0,0.5,0.2,1,diagnostic_benchmark,raa_full,23,2
1.0,31,1.0,1.0,0.2,1,diagnostic_benchmark,raa_full,24,1
1.0,32,1.0,0.5,0.2,1,diagnostic_benchmark,raa_full,25,2
1.0,33,1.0,1.0,0.2,1,diagnostic_benchmark,raa_full,26,1
1.0,34,1.0,0.5,0.2,1,diagnostic_benchmark,raa_full,27,2
1.0,35,1.0,1.0,0.2,1,diagnostic_benchmark,raa_full,28,1
0.0,89,0.5,1.0,0.2,2,diagnostic_benchmark,raa_full,29,1
0.0,24,0.25,0.5,0.2,4,diagnostic_benchmark,raa_full,30,2
0.0,94,0.0,0.0,0.0,6,diagnostic_benchmark,raa_full,31,2
1.0,39,1.0,0.5,0.2,1,diagnostic_benchmark,raa_full,32,2
1.0,40,1.0,1.0,0.2,1,diagnostic_benchmark,raa_full,33,1
1.0,41,1.0,1.0,0.2,1,diagnostic_benchmark,raa_full,34,1
0.0,83,0.0,0.0,0.0,104,diagnostic_benchmark,raa_full,35,1
0.0,30,0.0,0.0,0.0,6,diagnostic_benchmark,raa_full,36,1
1.0,44,1.0,1.0,0.2,1,diagnostic_benchmark,raa_full,37,1
1.0,45,1.0,1.0,0.2,1,diagnostic_benchmark,raa_full,38,1
1.0,46,1.0,1.0,0.2,1,diagnostic_benchmark,raa_full,39,1
1.0,47,1.0,1.0,0.2,1,diagnostic_benchmark,raa_full,40,1
0.0,19,0.0,0.0,0.0,6,diagnostic_benchmark,raa_full,41,1
1.0,49,1.0,1.0,0.2,1,diagnostic_benchmark,raa_full,42,1
1.0,50,1.0,0.5,0.2,1,diagnostic_benchmark,raa_full,43,2
1.0,51,1.0,0.5,0.2,1,diagnostic_benchmark,raa_full,44,2
0.0,16,0.5,1.0,0.2,2,diagnostic_benchmark,raa_full,45,1
1.0,53,1.0,1.0,0.2,1,diagnostic_benchmark,raa_full,46,1
1.0,54,1.0,1.0,0.2,1,diagnostic_benchmark,raa_full,47,1
1.0,55,1.0,0.5,0.2,1,diagnostic_benchmark,raa_full,48,2
0.0,44,0.5,1.0,0.2,2,diagnostic_benchmark,raa_full,49,1
0.0,60,0.5,1.0,0.2,2,diagnostic_benchmark,raa_full,50,1
1.0,58,1.0,1.0,0.2,1,diagnostic_benchmark,raa_full,51,1
1.0,59,1.0,1.0,0.2,1,diagnostic_benchmark,raa_full,52,1
0.0,9,0.0,0.0,0.0,17,diagnostic_benchmark,raa_full,53,1
0.0,30,0.0,0.0,0.0,72,diagnostic_benchmark,raa_full,54,2
0.0,50,0.0,0.0,0.0,24,diagnostic_benchmark,raa_full,55,2
0.0,44,0.0,0.0,0.0,15,diagnostic_benchmark,raa_full,56,1
0.0,52,0.3333333333333333,1.0,0.2,3,diagnostic_benchmark,raa_full,57,1
