top1,rr@5,recall@5,precision@5,first_gold_rank,corpus,method,rid,n_gold
0.0,0.0,0.0,0.0,53,hipaa_benchmark,tfidf,0,1
0.0,0.0,0.0,0.0,68,hipaa_benchmark,bm25,0,1
0.0,0.0,0.0,0.0,115,hipaa_benchmark,lsi,0,1
0.0,0.0,0.0,0.0,10,hipaa_benchmark,semantic,0,1
0.0,0.0,0.0,0.0,9,hipaa_benchmark,reranker,0,1
0.0,0.0,0.0,0.0,77,hipaa_benchmark,rrf_lexical,0,1
0.0,0.5,0.5,0.2,2,hipaa_benchmark,tfidf,1,2
1.0,1.0,0.5,0.2,1,hipaa_benchmark,bm25,1,2
0.0,0.3333333333333333,0.5,0.2,3,hipaa_benchmark,lsi,1,2
1.0,1.0,0.5,0.2,1,hipaa_benchmark,semantic,1,2
1.0,1.0,0.5,0.2,1,hipaa_benchmark,reranker,1,2
1.0,1.0,0.5,0.2,1,hipaa_benchmark,rrf_lexical,1,2
0.0,0.2,0.3333333333333333,0.2,5,hipaa_benchmark,tfidf,2,3
0.0,0.0,0.0,0.0,7,hipaa_benchmark,bm25,2,3
0.0,0.0,0.0,0.0,6,hipaa_benchmark,lsi,2,3
0.0,0.5,0.3333333333333333,0.2,2,hipaa_benchmark,semantic,2,3
0.0,0.5,0.3333333333333333,0.2,2,hipaa_benchmark,reranker,2,3
0.0,0.25,0.3333333333333333,0.2,4,hipaa_benchmark,rrf_lexical,2,3
1.0,1.0,1.0,0.2,1,hipaa_benchmark,tfidf,3,1
1.0,1.0,1.0,0.2,1,hipaa_benchmark,bm25,3,1
1.0,1.0,1.0,0.2,1,hipaa_benchmark,lsi,3,1
1.0,1.0,1.0,0.2,1,hipaa_benchmark,semantic,3,1
1.0,1.0,1.0,0.2,1,hipaa_benchmark,reranker,3,1
1.0,1.0,1.0,0.2,1,hipaa_benchmark,rrf_lexical,3,1
1.0,1.0,0.16666666666666666,0.2,1,hipaa_benchmark,tfidf,4,6
1.0,1.0,0.16666666666666666,0.2,1,hipaa_benchmark,bm25,4,6
1.0,1.0,0.3333333333333333,0.4,1,hipaa_benchmark,lsi,4,6
1.0,1.0,0.3333333333333333,0.4,1,hipaa_benchmark,semantic,4,6
1.0,1.0,0.16666666666666666,0.2,1,hipaa_benchmark,reranker,4,6
1.0,1.0,0.16666666666666666,0.2,1,hipaa_benchmark,rrf_lexical,4,6
0.0,0.0,0.0,0.0,35,hipaa_benchmark,tfidf,5,2
0.0,0.0,0.0,0.0,19,hipaa_benchmark,bm25,5,2
0.0,0.0,0.0,0.0,12,hipaa_benchmark,lsi,5,2
0.0,0.0,0.0,0.0,28,hipaa_benchmark,semantic,5,2
0.0,0.0,0.0,0.0,170,hipaa_benchmark,reranker,5,2
0.0,0.0,0.0,0.0,28,hipaa_benchmark,rrf_lexical,5,2
0.0,0.3333333333333333,0.2,0.2,3,hipaa_benchmark,tfidf,6,5
0.0,0.0,0.0,0.0,16,hipaa_benchmark,bm25,6,5
0.0,0.3333333333333333,0.2,0.2,3,hipaa_benchmark,lsi,6,5
1.0,1.0,0.2,0.2,1,hipaa_benchmark,semantic,6,5
0.0,0.5,0.2,0.2,2,hipaa_benchmark,reranker,6,5
0.0,0.2,0.2,0.2,5,hipaa_benchmark,rrf_lexical,6,5
0.0,0.0,0.0,0.0,12,hipaa_benchmark,tfidf,7,9
1.0,1.0,0.1111111111111111,0.2,1,hipaa_benchmark,bm25,7,9
0.0,0.0,0.0,0.0,11,hipaa_benchmark,lsi,7,9
0.0,0.0,0.0,0.0,6,hipaa_benchmark,semantic,7,9
0.0,0.3333333333333333,0.2222222222222222,0.4,3,hipaa_benchmark,reranker,7,9
0.0,0.0,0.0,0.0,6,hipaa_benchmark,rrf_lexical,7,9
0.0,0.3333333333333333,0.14285714285714285,0.2,3,hipaa_benchmark,tfidf,8,7
0.0,0.0,0.0,0.0,9,hipaa_benchmark,bm25,8,7
0.0,0.25,0.14285714285714285,0.2,4,hipaa_benchmark,lsi,8,7
0.0,0.3333333333333333,0.2857142857142857,0.4,3,hipaa_benchmark,semantic,8,7
0.0,0.2,0.14285714285714285,0.2,5,hipaa_benchmark,reranker,8,7
0.0,0.3333333333333333,0.14285714285714285,0.2,3,hipaa_benchmark,rrf_lexical,8,7
0.0,0.5,0.3333333333333333,0.2,2,hipaa_benchmark,tfidf,9,3
0.0,0.3333333333333333,0.3333333333333333,0.2,3,hipaa_benchmark,bm25,9,3
0.0,0.5,0.3333333333333333,0.2,2,hipaa_benchmark,lsi,9,3
1.0,1.0,0.6666666666666666,0.4,1,hipaa_benchmark,semantic,9,3
1.0,1.0,0.6666666666666666,0.4,1,hipaa_benchmark,reranker,9,3
1.0,1.0,0.3333333333333333,0.2,1,hipaa_benchmark,rrf_lexical,9,3
0.0,0.2,0.25,0.2,5,hipaa_benchmark,tfidf,10,4
0.0,0.0,0.0,0.0,7,hipaa_benchmark,bm25,10,4
0.0,0.0,0.0,0.0,12,hipaa_benchmark,lsi,10,4
1.0,1.0,0.25,0.2,1,hipaa_benchmark,semantic,10,4
1.0,1.0,0.25,0.2,1,hipaa_benchmark,reranker,10,4
0.0,0.0,0.0,0.0,9,hipaa_benchmark,rrf_lexical,10,4
0.0,0.0,0.0,0.0,121,hipaa_benchmark,tfidf,11,3
0.0,0.0,0.0,0.0,178,hipaa_benchmark,bm25,11,3
0.0,0.0,0.0,0.0,137,hipaa_benchmark,lsi,11,3
0.0,0.0,0.0,0.0,6,hipaa_benchmark,semantic,11,3
0.0,0.2,0.3333333333333333,0.2,5,hipaa_benchmark,reranker,11,3
0.0,0.0,0.0,0.0,158,hipaa_benchmark,rrf_lexical,11,3
0.0,0.5,0.5,0.6,2,hipaa_benchmark,tfidf,12,6
0.0,0.0,0.0,0.0,7,hipaa_benchmark,bm25,12,6
0.0,0.5,0.3333333333333333,0.4,2,hipaa_benchmark,lsi,12,6
1.0,1.0,0.3333333333333333,0.4,1,hipaa_benchmark,semantic,12,6
1.0,1.0,0.3333333333333333,0.4,1,hipaa_benchmark,reranker,12,6
0.0,0.3333333333333333,0.3333333333333333,0.4,3,hipaa_benchmark,rrf_lexical,12,6
0.0,0.3333333333333333,0.5,0.2,3,hipaa_benchmark,tfidf,13,2
0.0,0.25,0.5,0.2,4,hipaa_benchmark,bm25,13,2
0.0,0.0,0.0,0.0,6,hipaa_benchmark,lsi,13,2
1.0,1.0,0.5,0.2,1,hipaa_benchmark,semantic,13,2
1.0,1.0,0.5,0.2,1,hipaa_benchmark,reranker,13,2
1.0,1.0,0.5,0.2,1,hipaa_benchmark,rrf_lexical,13,2
1.0,1.0,0.75,0.6,1,hipaa_benchmark,tfidf,14,4
1.0,1.0,0.75,0.6,1,hipaa_benchmark,bm25,14,4
1.0,1.0,1.0,0.8,1,hipaa_benchmark,lsi,14,4
1.0,1.0,1.0,0.8,1,hipaa_benchmark,semantic,14,4
1.0,1.0,0.5,0.4,1,hipaa_benchmark,reranker,14,4
1.0,1.0,0.75,0.6,1,hipaa_benchmark,rrf_lexical,14,4
0.0,0.0,0.0,0.0,222,hipaa_benchmark,tfidf,15,2
0.0,0.0,0.0,0.0,59,hipaa_benchmark,bm25,15,2
0.0,0.0,0.0,0.0,105,hipaa_benchmark,lsi,15,2
0.0,0.0,0.0,0.0,27,hipaa_benchmark,semantic,15,2
0.0,0.0,0.0,0.0,218,hipaa_benchmark,reranker,15,2
0.0,0.0,0.0,0.0,121,hipaa_benchmark,rrf_lexical,15,2
0.0,0.0,0.0,0.0,222,hipaa_benchmark,tfidf,16,2
0.0,0.0,0.0,0.0,97,hipaa_benchmark,bm25,16,2
0.0,0.0,0.0,0.0,181,hipaa_benchmark,lsi,16,2
0.0,0.0,0.0,0.0,17,hipaa_benchmark,semantic,16,2
0.0,0.0,0.0,0.0,20,hipaa_benchmark,reranker,16,2
0.0,0.0,0.0,0.0,167,hipaa_benchmark,rrf_lexical,16,2
0.0,0.0,0.0,0.0,223,hipaa_benchmark,tfidf,17,2
0.0,0.0,0.0,0.0,87,hipaa_benchmark,bm25,17,2
0.0,0.0,0.0,0.0,132,hipaa_benchmark,lsi,17,2
0.0,0.0,0.0,0.0,6,hipaa_benchmark,semantic,17,2
0.0,0.0,0.0,0.0,17,hipaa_benchmark,reranker,17,2
0.0,0.0,0.0,0.0,110,hipaa_benchmark,rrf_lexical,17,2
0.0,0.0,0.0,0.0,36,hipaa_benchmark,tfidf,18,2
0.0,0.0,0.0,0.0,67,hipaa_benchmark,bm25,18,2
0.0,0.0,0.0,0.0,34,hipaa_benchmark,lsi,18,2
0.0,0.0,0.0,0.0,8,hipaa_benchmark,semantic,18,2
0.0,0.0,0.0,0.0,13,hipaa_benchmark,reranker,18,2
0.0,0.0,0.0,0.0,42,hipaa_benchmark,rrf_lexical,18,2
1.0,1.0,0.5,0.4,1,hipaa_benchmark,tfidf,19,4
1.0,1.0,0.5,0.4,1,hipaa_benchmark,bm25,19,4
1.0,1.0,0.5,0.4,1,hipaa_benchmark,lsi,19,4
1.0,1.0,0.25,0.2,1,hipaa_benchmark,semantic,19,4
1.0,1.0,0.25,0.2,1,hipaa_benchmark,reranker,19,4
1.0,1.0,0.5,0.4,1,hipaa_benchmark,rrf_lexical,19,4
1.0,1.0,0.5,0.6,1,hipaa_benchmark,tfidf,20,6
1.0,1.0,0.3333333333333333,0.4,1,hipaa_benchmark,bm25,20,6
1.0,1.0,0.5,0.6,1,hipaa_benchmark,lsi,20,6
0.0,0.5,0.3333333333333333,0.4,2,hipaa_benchmark,semantic,20,6
1.0,1.0,0.3333333333333333,0.4,1,hipaa_benchmark,reranker,20,6
1.0,1.0,0.5,0.6,1,hipaa_benchmark,rrf_lexical,20,6
1.0,1.0,1.0,0.4,1,hipaa_benchmark,tfidf,21,2
1.0,1.0,0.5,0.2,1,hipaa_benchmark,bm25,21,2
0.0,0.5,1.0,0.4,2,hipaa_benchmark,lsi,21,2
0.0,0.5,1.0,0.4,2,hipaa_benchmark,semantic,21,2
1.0,1.0,1.0,0.4,1,hipaa_benchmark,reranker,21,2
1.0,1.0,1.0,0.4,1,hipaa_benchmark,rrf_lexical,21,2
0.0,0.3333333333333333,0.5,0.2,3,hipaa_benchmark,tfidf,22,2
0.0,0.0,0.0,0.0,9,hipaa_benchmark,bm25,22,2
0.0,0.0,0.0,0.0,10,hipaa_benchmark,lsi,22,2
0.0,0.3333333333333333,0.5,0.2,3,hipaa_benchmark,semantic,22,2
0.0,0.0,0.0,0.0,14,hipaa_benchmark,reranker,22,2
0.0,0.0,0.0,0.0,6,hipaa_benchmark,rrf_lexical,22,2
0.0,0.0,0.0,0.0,7,hipaa_benchmark,tfidf,23,2
0.0,0.0,0.0,0.0,12,hipaa_benchmark,bm25,23,2
0.0,0.0,0.0,0.0,6,hipaa_benchmark,lsi,23,2
1.0,1.0,0.5,0.2,1,hipaa_benchmark,semantic,23,2
0.0,0.5,1.0,0.4,2,hipaa_benchmark,reranker,23,2
0.0,0.0,0.0,0.0,6,hipaa_benchmark,rrf_lexical,23,2
1.0,1.0,0.16666666666666666,0.2,1,hipaa_benchmark,tfidf,24,6
1.0,1.0,0.16666666666666666,0.2,1,hipaa_benchmark,bm25,24,6
1.0,1.0,0.16666666666666666,0.2,1,hipaa_benchmark,lsi,24,6
1.0,1.0,0.3333333333333333,0.4,1,hipaa_benchmark,semantic,24,6
0.0,0.3333333333333333,0.3333333333333333,0.4,3,hipaa_benchmark,reranker,24,6
1.0,1.0,0.16666666666666666,0.2,1,hipaa_benchmark,rrf_lexical,24,6
0.0,0.0,0.0,0.0,16,hipaa_benchmark,tfidf,25,2
0.0,0.0,0.0,0.0,14,hipaa_benchmark,bm25,25,2
0.0,0.0,0.0,0.0,42,hipaa_benchmark,lsi,25,2
0.0,0.0,0.0,0.0,7,hipaa_benchmark,semantic,25,2
0.0,0.0,0.0,0.0,17,hipaa_benchmark,reranker,25,2
0.0,0.0,0.0,0.0,17,hipaa_benchmark,rrf_lexical,25,2
0.0,0.5,0.3333333333333333,0.2,2,hipaa_benchmark,tfidf,26,3
0.0,0.3333333333333333,0.6666666666666666,0.4,3,hipaa_benchmark,bm25,26,3
0.0,0.25,0.3333333333333333,0.2,4,hipaa_benchmark,lsi,26,3
1.0,1.0,0.6666666666666666,0.4,1,hipaa_benchmark,semantic,26,3
1.0,1.0,0.3333333333333333,0.2,1,hipaa_benchmark,reranker,26,3
0.0,0.5,0.3333333333333333,0.2,2,hipaa_benchmark,rrf_lexical,26,3
0.0,0.0,0.0,0.0,77,hipaa_benchmark,tfidf,27,5
0.0,0.0,0.0,0.0,6,hipaa_benchmark,bm25,27,5
0.0,0.0,0.0,0.0,60,hipaa_benchmark,lsi,27,5
0.0,0.0,0.0,0.0,6,hipaa_benchmark,semantic,27,5
0.0,0.3333333333333333,0.2,0.2,3,hipaa_benchmark,reranker,27,5
0.0,0.0,0.0,0.0,34,hipaa_benchmark,rrf_lexical,27,5
0.0,0.0,0.0,0.0,90,hipaa_benchmark,tfidf,28,3
0.0,0.0,0.0,0.0,182,hipaa_benchmark,bm25,28,3
0.0,0.0,0.0,0.0,66,hipaa_benchmark,lsi,28,3
0.0,0.0,0.0,0.0,7,hipaa_benchmark,semantic,28,3
0.0,0.0,0.0,0.0,18,hipaa_benchmark,reranker,28,3
0.0,0.0,0.0,0.0,103,hipaa_benchmark,rrf_lexical,28,3
1.0,1.0,0.3333333333333333,0.2,1,hipaa_benchmark,tfidf,29,3
1.0,1.0,0.3333333333333333,0.2,1,hipaa_benchmark,bm25,29,3
1.0,1.0,0.3333333333333333,0.2,1,hipaa_benchmark,lsi,29,3
1.0,1.0,0.3333333333333333,0.2,1,hipaa_benchmark,semantic,29,3
1.0,1.0,0.6666666666666666,0.4,1,hipaa_benchmark,reranker,29,3
1.0,1.0,0.3333333333333333,0.2,1,hipaa_benchmark,rrf_lexical,29,3
1.0,1.0,0.4,0.4,1,hipaa_benchmark,tfidf,30,5
1.0,1.0,0.6,0.6,1,hipaa_benchmark,bm25,30,5
1.0,1.0,0.4,0.4,1,hipaa_benchmark,lsi,30,5
1.0,1.0,0.4,0.4,1,hipaa_benchmark,semantic,30,5
1.0,1.0,0.6,0.6,1,hipaa_benchmark,reranker,30,5
1.0,1.0,0.6,0.6,1,hipaa_benchmark,rrf_lexical,30,5
0.0,0.0,0.0,0.0,9,hipaa_benchmark,tfidf,31,2
0.0,0.0,0.0,0.0,17,hipaa_benchmark,bm25,31,2
0.0,0.0,0.0,0.0,8,hipaa_benchmark,lsi,31,2
0.0,0.0,0.0,0.0,11,hipaa_benchmark,semantic,31,2
0.0,0.0,0.0,0.0,10,hipaa_benchmark,reranker,31,2
0.0,0.0,0.0,0.0,8,hipaa_benchmark,rrf_lexical,31,2
0.0,0.2,0.2,0.2,5,hipaa_benchmark,tfidf,32,5
0.0,0.2,0.2,0.2,5,hipaa_benchmark,bm25,32,5
0.0,0.0,0.0,0.0,7,hipaa_benchmark,lsi,32,5
0.0,0.2,0.2,0.2,5,hipaa_benchmark,semantic,32,5
0.0,0.3333333333333333,0.2,0.2,3,hipaa_benchmark,reranker,32,5
0.0,0.0,0.0,0.0,6,hipaa_benchmark,rrf_lexical,32,5
0.0,0.5,0.16666666666666666,0.2,2,hipaa_benchmark,tfidf,33,6
0.0,0.5,0.16666666666666666,0.2,2,hipaa_benchmark,bm25,33,6
0.0,0.25,0.16666666666666666,0.2,4,hipaa_benchmark,lsi,33,6
1.0,1.0,0.16666666666666666,0.2,1,hipaa_benchmark,semantic,33,6
1.0,1.0,0.3333333333333333,0.4,1,hipaa_benchmark,reranker,33,6
0.0,0.5,0.16666666666666666,0.2,2,hipaa_benchmark,rrf_lexical,33,6
0.0,0.5,0.6666666666666666,0.4,2,hipaa_benchmark,tfidf,34,3
0.0,0.3333333333333333,0.6666666666666666,0.4,3,hipaa_benchmark,bm25,34,3
0.0,0.5,0.3333333333333333,0.2,2,hipaa_benchmark,lsi,34,3
1.0,1.0,1.0,0.6,1,hipaa_benchmark,semantic,34,3
1.0,1.0,0.6666666666666666,0.4,1,hipaa_benchmark,reranker,34,3
0.0,0.5,0.6666666666666666,0.4,2,hipaa_benchmark,rrf_lexical,34,3
0.0,0.2,0.09090909090909091,0.2,5,hipaa_benchmark,tfidf,35,11
0.0,0.0,0.0,0.0,10,hipaa_benchmark,bm25,35,11
0.0,0.5,0.09090909090909091,0.2,2,hipaa_benchmark,lsi,35,11
0.0,0.0,0.0,0.0,9,hipaa_benchmark,semantic,35,11
0.0,0.0,0.0,0.0,15,hipaa_benchmark,reranker,35,11
0.0,0.3333333333333333,0.09090909090909091,0.2,3,hipaa_benchmark,rrf_lexical,35,11
1.0,1.0,0.25,0.4,1,hipaa_benchmark,tfidf,36,8
0.0,0.5,0.25,0.4,2,hipaa_benchmark,bm25,36,8
1.0,1.0,0.25,0.4,1,hipaa_benchmark,lsi,36,8
0.0,0.3333333333333333,0.125,0.2,3,hipaa_benchmark,semantic,36,8
1.0,1.0,0.25,0.4,1,hipaa_benchmark,reranker,36,8
1.0,1.0,0.375,0.6,1,hipaa_benchmark,rrf_lexical,36,8
1.0,1.0,0.4444444444444444,0.8,1,hipaa_benchmark,tfidf,37,9
0.0,0.5,0.3333333333333333,0.6,2,hipaa_benchmark,bm25,37,9
1.0,1.0,0.3333333333333333,0.6,1,hipaa_benchmark,lsi,37,9
1.0,1.0,0.2222222222222222,0.4,1,hipaa_benchmark,semantic,37,9
1.0,1.0,0.2222222222222222,0.4,1,hipaa_benchmark,reranker,37,9
1.0,1.0,0.3333333333333333,0.6,1,hipaa_benchmark,rrf_lexical,37,9
0.0,0.0,0.0,0.0,9,hipaa_benchmark,tfidf,38,1
0.0,0.25,1.0,0.2,4,hipaa_benchmark,bm25,38,1
0.0,0.0,0.0,0.0,7,hipaa_benchmark,lsi,38,1
0.0,0.0,0.0,0.0,10,hipaa_benchmark,semantic,38,1
0.0,0.3333333333333333,1.0,0.2,3,hipaa_benchmark,reranker,38,1
0.0,0.0,0.0,0.0,6,hipaa_benchmark,rrf_lexical,38,1
0.0,0.0,0.0,0.0,8,hipaa_benchmark,tfidf,39,1
1.0,1.0,1.0,0.2,1,hipaa_benchmark,bm25,39,1
0.0,0.2,1.0,0.2,5,hipaa_benchmark,lsi,39,1
0.0,0.3333333333333333,1.0,0.2,3,hipaa_benchmark,semantic,39,1
1.0,1.0,1.0,0.2,1,hipaa_benchmark,reranker,39,1
0.0,0.2,1.0,0.2,5,hipaa_benchmark,rrf_lexical,39,1
0.0,0.5,0.2,0.2,2,hipaa_benchmark,tfidf,40,5
1.0,1.0,0.2,0.2,1,hipaa_benchmark,bm25,40,5
0.0,0.5,0.2,0.2,2,hipaa_benchmark,lsi,40,5
0.0,0.0,0.0,0.0,61,hipaa_benchmark,semantic,40,5
0.0,0.0,0.0,0.0,72,hipaa_benchmark,reranker,40,5
0.0,0.5,0.2,0.2,2,hipaa_benchmark,rrf_lexical,40,5
0.0,0.0,0.0,0.0,7,hipaa_benchmark,tfidf,41,2
0.0,0.2,0.5,0.2,5,hipaa_benchmark,bm25,41,2
0.0,0.0,0.0,0.0,6,hipaa_benchmark,lsi,41,2
1.0,1.0,0.5,0.2,1,hipaa_benchmark,semantic,41,2
0.0,0.5,0.5,0.2,2,hipaa_benchmark,reranker,41,2
0.0,0.2,0.5,0.2,5,hipaa_benchmark,rrf_lexical,41,2
0.0,0.5,0.5,0.4,2,hipaa_benchmark,tfidf,42,4
0.0,0.5,0.25,0.2,2,hipaa_benchmark,bm25,42,4
0.0,0.5,0.25,0.2,2,hipaa_benchmark,lsi,42,4
1.0,1.0,0.5,0.4,1,hipaa_benchmark,semantic,42,4
1.0,1.0,0.5,0.4,1,hipaa_benchmark,reranker,42,4
0.0,0.5,0.5,0.4,2,hipaa_benchmark,rrf_lexical,42,4
0.0,0.5,0.16666666666666666,0.2,2,hipaa_benchmark,tfidf,43,6
0.0,0.5,0.16666666666666666,0.2,2,hipaa_benchmark,bm25,43,6
0.0,0.0,0.0,0.0,6,hipaa_benchmark,lsi,43,6
1.0,1.0,0.3333333333333333,0.4,1,hipaa_benchmark,semantic,43,6
1.0,1.0,0.5,0.6,1,hipaa_benchmark,reranker,43,6
0.0,0.5,0.16666666666666666,0.2,2,hipaa_benchmark,rrf_lexical,43,6
0.0,0.0,0.0,0.0,8,hipaa_benchmark,tfidf,44,3
0.0,0.0,0.0,0.0,8,hipaa_benchmark,bm25,44,3
0.0,0.0,0.0,0.0,9,hipaa_benchmark,lsi,44,3
0.0,0.0,0.0,0.0,29,hipaa_benchmark,semantic,44,3
0.0,0.0,0.0,0.0,180,hipaa_benchmark,reranker,44,3
0.0,0.0,0.0,0.0,9,hipaa_benchmark,rrf_lexical,44,3
0.0,0.0,0.0,0.0,208,hipaa_benchmark,tfidf,45,1
0.0,0.0,0.0,0.0,135,hipaa_benchmark,bm25,45,1
0.0,0.0,0.0,0.0,174,hipaa_benchmark,lsi,45,1
0.0,0.0,0.0,0.0,103,hipaa_benchmark,semantic,45,1
0.0,0.0,0.0,0.0,200,hipaa_benchmark,reranker,45,1
0.0,0.0,0.0,0.0,209,hipaa_benchmark,rrf_lexical,45,1
0.0,0.0,0.0,0.0,149,hipaa_benchmark,tfidf,46,1
0.0,0.0,0.0,0.0,173,hipaa_benchmark,bm25,46,1
0.0,0.0,0.0,0.0,152,hipaa_benchmark,lsi,46,1
1.0,1.0,1.0,0.2,1,hipaa_benchmark,semantic,46,1
0.0,0.3333333333333333,1.0,0.2,3,hipaa_benchmark,reranker,46,1
0.0,0.0,0.0,0.0,190,hipaa_benchmark,rrf_lexical,46,1
1.0,1.0,0.2857142857142857,0.4,1,hipaa_benchmark,tfidf,47,7
1.0,1.0,0.5714285714285714,0.8,1,hipaa_benchmark,bm25,47,7
1.0,1.0,0.2857142857142857,0.4,1,hipaa_benchmark,lsi,47,7
1.0,1.0,0.42857142857142855,0.6,1,hipaa_benchmark,semantic,47,7
1.0,1.0,0.42857142857142855,0.6,1,hipaa_benchmark,reranker,47,7
1.0,1.0,0.2857142857142857,0.4,1,hipaa_benchmark,rrf_lexical,47,7
1.0,1.0,0.3333333333333333,0.4,1,hipaa_benchmark,tfidf,48,6
0.0,0.5,0.3333333333333333,0.4,2,hipaa_benchmark,bm25,48,6
1.0,1.0,0.5,0.6,1,hipaa_benchmark,lsi,48,6
1.0,1.0,0.3333333333333333,0.4,1,hipaa_benchmark,semantic,48,6
1.0,1.0,0.5,0.6,1,hipaa_benchmark,reranker,48,6
1.0,1.0,0.3333333333333333,0.4,1,hipaa_benchmark,rrf_lexical,48,6
0.0,0.0,0.0,0.0,13,hipaa_benchmark,tfidf,49,2
0.0,0.0,0.0,0.0,31,hipaa_benchmark,bm25,49,2
0.0,0.0,0.0,0.0,24,hipaa_benchmark,lsi,49,2
0.0,0.0,0.0,0.0,8,hipaa_benchmark,semantic,49,2
0.0,0.0,0.0,0.0,9,hipaa_benchmark,reranker,49,2
0.0,0.0,0.0,0.0,15,hipaa_benchmark,rrf_lexical,49,2
0.0,0.0,0.0,0.0,48,hipaa_benchmark,tfidf,50,5
0.0,0.0,0.0,0.0,51,hipaa_benchmark,bm25,50,5
0.0,0.0,0.0,0.0,23,hipaa_benchmark,lsi,50,5
0.0,0.25,0.4,0.4,4,hipaa_benchmark,semantic,50,5
0.0,0.3333333333333333,0.6,0.6,3,hipaa_benchmark,reranker,50,5
0.0,0.0,0.0,0.0,31,hipaa_benchmark,rrf_lexical,50,5
0.0,0.25,1.0,0.2,4,hipaa_benchmark,tfidf,51,1
0.0,0.2,1.0,0.2,5,hipaa_benchmark,bm25,51,1
0.0,0.2,1.0,0.2,5,hipaa_benchmark,lsi,51,1
1.0,1.0,1.0,0.2,1,hipaa_benchmark,semantic,51,1
1.0,1.0,1.0,0.2,1,hipaa_benchmark,reranker,51,1
0.0,0.25,1.0,0.2,4,hipaa_benchmark,rrf_lexical,51,1
0.0,0.5,0.5,0.2,2,hipaa_benchmark,tfidf,52,2
0.0,0.3333333333333333,0.5,0.2,3,hipaa_benchmark,bm25,52,2
0.0,0.5,0.5,0.2,2,hipaa_benchmark,lsi,52,2
1.0,1.0,1.0,0.4,1,hipaa_benchmark,semantic,52,2
0.0,0.5,0.5,0.2,2,hipaa_benchmark,reranker,52,2
0.0,0.5,0.5,0.2,2,hipaa_benchmark,rrf_lexical,52,2
0.0,0.0,0.0,0.0,23,hipaa_benchmark,tfidf,53,3
0.0,0.0,0.0,0.0,39,hipaa_benchmark,bm25,53,3
0.0,0.0,0.0,0.0,29,hipaa_benchmark,lsi,53,3
1.0,1.0,0.6666666666666666,0.4,1,hipaa_benchmark,semantic,53,3
0.0,0.3333333333333333,0.6666666666666666,0.4,3,hipaa_benchmark,reranker,53,3
0.0,0.0,0.0,0.0,26,hipaa_benchmark,rrf_lexical,53,3
1.0,1.0,0.25,0.2,1,hipaa_benchmark,tfidf,54,4
0.0,0.0,0.0,0.0,10,hipaa_benchmark,bm25,54,4
1.0,1.0,0.25,0.2,1,hipaa_benchmark,lsi,54,4
1.0,1.0,0.5,0.4,1,hipaa_benchmark,semantic,54,4
0.0,0.2,0.25,0.2,5,hipaa_benchmark,reranker,54,4
1.0,1.0,0.25,0.2,1,hipaa_benchmark,rrf_lexical,54,4
0.0,0.0,0.0,0.0,161,hipaa_benchmark,tfidf,55,5
0.0,0.0,0.0,0.0,125,hipaa_benchmark,bm25,55,5
0.0,0.0,0.0,0.0,204,hipaa_benchmark,lsi,55,5
1.0,1.0,0.4,0.4,1,hipaa_benchmark,semantic,55,5
0.0,0.3333333333333333,0.2,0.2,3,hipaa_benchmark,reranker,55,5
0.0,0.0,0.0,0.0,187,hipaa_benchmark,rrf_lexical,55,5
0.0,0.0,0.0,0.0,6,hipaa_benchmark,tfidf,56,4
0.0,0.0,0.0,0.0,67,hipaa_benchmark,bm25,56,4
0.0,0.25,0.25,0.2,4,hipaa_benchmark,lsi,56,4
0.0,0.0,0.0,0.0,31,hipaa_benchmark,semantic,56,4
0.0,0.0,0.0,0.0,31,hipaa_benchmark,reranker,56,4
0.0,0.0,0.0,0.0,9,hipaa_benchmark,rrf_lexical,56,4
0.0,0.5,0.2,0.2,2,hipaa_benchmark,tfidf,57,5
0.0,0.0,0.0,0.0,14,hipaa_benchmark,bm25,57,5
0.0,0.5,0.2,0.2,2,hipaa_benchmark,lsi,57,5
1.0,1.0,0.6,0.6,1,hipaa_benchmark,semantic,57,5
1.0,1.0,0.4,0.4,1,hipaa_benchmark,reranker,57,5
0.0,0.3333333333333333,0.2,0.2,3,hipaa_benchmark,rrf_lexical,57,5
0.0,0.0,0.0,0.0,7,hipaa_benchmark,tfidf,58,1
0.0,0.0,0.0,0.0,10,hipaa_benchmark,bm25,58,1
0.0,0.0,0.0,0.0,8,hipaa_benchmark,lsi,58,1
0.0,0.0,0.0,0.0,6,hipaa_benchmark,semantic,58,1
0.0,0.0,0.0,0.0,15,hipaa_benchmark,reranker,58,1
0.0,0.0,0.0,0.0,8,hipaa_benchmark,rrf_lexical,58,1
0.0,0.0,0.0,0.0,21,hipaa_benchmark,tfidf,59,1
0.0,0.0,0.0,0.0,18,hipaa_benchmark,bm25,59,1
0.0,0.0,0.0,0.0,20,hipaa_benchmark,lsi,59,1
0.0,0.0,0.0,0.0,19,hipaa_benchmark,semantic,59,1
1.0,1.0,1.0,0.2,1,hipaa_benchmark,reranker,59,1
0.0,0.0,0.0,0.0,19,hipaa_benchmark,rrf_lexical,59,1
0.0,0.0,0.0,0.0,14,hipaa_benchmark,tfidf,60,1
0.0,0.0,0.0,0.0,16,hipaa_benchmark,bm25,60,1
0.0,0.0,0.0,0.0,12,hipaa_benchmark,lsi,60,1
0.0,0.0,0.0,0.0,17,hipaa_benchmark,semantic,60,1
1.0,1.0,1.0,0.2,1,hipaa_benchmark,reranker,60,1
0.0,0.0,0.0,0.0,14,hipaa_benchmark,rrf_lexical,60,1
0.0,0.0,0.0,0.0,73,hipaa_benchmark,tfidf,61,1
0.0,0.0,0.0,0.0,51,hipaa_benchmark,bm25,61,1
0.0,0.0,0.0,0.0,66,hipaa_benchmark,lsi,61,1
0.0,0.0,0.0,0.0,152,hipaa_benchmark,semantic,61,1
0.0,0.0,0.0,0.0,42,hipaa_benchmark,reranker,61,1
0.0,0.0,0.0,0.0,58,hipaa_benchmark,rrf_lexical,61,1
0.0,0.0,0.0,0.0,7,hipaa_benchmark,tfidf,62,1
0.0,0.0,0.0,0.0,9,hipaa_benchmark,bm25,62,1
0.0,0.0,0.0,0.0,8,hipaa_benchmark,lsi,62,1
0.0,0.0,0.0,0.0,10,hipaa_benchmark,semantic,62,1
0.0,0.5,1.0,0.2,2,hipaa_benchmark,reranker,62,1
0.0,0.0,0.0,0.0,8,hipaa_benchmark,rrf_lexical,62,1
0.0,0.0,0.0,0.0,10,hipaa_benchmark,tfidf,63,4
0.0,0.0,0.0,0.0,7,hipaa_benchmark,bm25,63,4
0.0,0.0,0.0,0.0,23,hipaa_benchmark,lsi,63,4
0.0,0.2,0.25,0.2,5,hipaa_benchmark,semantic,63,4
0.0,0.25,0.25,0.2,4,hipaa_benchmark,reranker,63,4
0.0,0.0,0.0,0.0,20,hipaa_benchmark,rrf_lexical,63,4
1.0,1.0,0.5,0.2,1,hipaa_benchmark,tfidf,64,2
1.0,1.0,0.5,0.2,1,hipaa_benchmark,bm25,64,2
1.0,1.0,0.5,0.2,1,hipaa_benchmark,lsi,64,2
0.0,0.0,0.0,0.0,56,hipaa_benchmark,semantic,64,2
0.0,0.0,0.0,0.0,167,hipaa_benchmark,reranker,64,2
1.0,1.0,0.5,0.2,1,hipaa_benchmark,rrf_lexical,64,2
0.0,0.0,0.0,0.0,10,hipaa_benchmark,tfidf,65,1
0.0,0.0,0.0,0.0,35,hipaa_benchmark,bm25,65,1
0.0,0.0,0.0,0.0,75,hipaa_benchmark,lsi,65,1
0.0,0.2,1.0,0.2,5,hipaa_benchmark,semantic,65,1
0.0,0.5,1.0,0.2,2,hipaa_benchmark,reranker,65,1
0.0,0.0,0.0,0.0,29,hipaa_benchmark,rrf_lexical,65,1
0.0,0.2,0.05,0.2,5,hipaa_benchmark,tfidf,66,20
0.0,0.0,0.0,0.0,7,hipaa_benchmark,bm25,66,20
0.0,0.0,0.0,0.0,10,hipaa_benchmark,lsi,66,20
0.0,0.5,0.2,0.8,2,hipaa_benchmark,semantic,66,20
0.0,0.3333333333333333,0.15,0.6,3,hipaa_benchmark,reranker,66,20
0.0,0.2,0.05,0.2,5,hipaa_benchmark,rrf_lexical,66,20
0.0,0.5,0.047619047619047616,0.2,2,hipaa_benchmark,tfidf,67,21
0.0,0.5,0.09523809523809523,0.4,2,hipaa_benchmark,bm25,67,21
0.0,0.3333333333333333,0.047619047619047616,0.2,3,hipaa_benchmark,lsi,67,21
1.0,1.0,0.23809523809523808,1.0,1,hipaa_benchmark,semantic,67,21
1.0,1.0,0.09523809523809523,0.4,1,hipaa_benchmark,reranker,67,21
1.0,1.0,0.047619047619047616,0.2,1,hipaa_benchmark,rrf_lexical,67,21
