rid,availability,stop_reason,top1_control,abstain,confidence,input_tokens,output_tokens,latency_s,cached,model,effort,run_id
0,valid,end_turn,148.0,False,1.0,1446,27,4.3662,False,Qwen/Qwen2.5-3B-Instruct,n/a-local,0
1,valid,end_turn,,True,0.0,1295,25,3.6587,False,Qwen/Qwen2.5-3B-Instruct,n/a-local,0
2,valid,end_turn,84.0,False,1.0,1330,28,3.7918,False,Qwen/Qwen2.5-3B-Instruct,n/a-local,0
3,valid,end_turn,,True,0.0,1632,25,3.9301,False,Qwen/Qwen2.5-3B-Instruct,n/a-local,0
4,valid,end_turn,203.0,False,1.0,1686,34,5.0304,False,Qwen/Qwen2.5-3B-Instruct,n/a-local,0
5,valid,end_turn,184.0,False,1.0,1527,43,5.8553,False,Qwen/Qwen2.5-3B-Instruct,n/a-local,0
6,valid,end_turn,,True,0.0,1501,25,3.8141,False,Qwen/Qwen2.5-3B-Instruct,n/a-local,0
7,valid,end_turn,151.0,False,1.0,1340,27,3.9892,False,Qwen/Qwen2.5-3B-Instruct,n/a-local,0
8,valid,end_turn,43.0,False,0.9,2657,42,7.5086,False,Qwen/Qwen2.5-3B-Instruct,n/a-local,0
9,valid,end_turn,200.0,False,0.9,1778,43,6.1971,False,Qwen/Qwen2.5-3B-Instruct,n/a-local,0
10,valid,end_turn,218.0,False,1.0,1731,27,4.3424,False,Qwen/Qwen2.5-3B-Instruct,n/a-local,0
11,valid,end_turn,,True,0.0,1913,25,4.3683,False,Qwen/Qwen2.5-3B-Instruct,n/a-local,0
12,valid,end_turn,218.0,False,1.0,1906,41,6.6062,False,Qwen/Qwen2.5-3B-Instruct,n/a-local,0
13,valid,end_turn,196.0,False,1.0,1628,27,4.232,False,Qwen/Qwen2.5-3B-Instruct,n/a-local,0
14,valid,end_turn,159.0,False,1.0,2125,27,4.9131,False,Qwen/Qwen2.5-3B-Instruct,n/a-local,0
15,valid,end_turn,195.0,False,1.0,1707,39,5.8338,False,Qwen/Qwen2.5-3B-Instruct,n/a-local,0
16,valid,end_turn,195.0,False,1.0,1824,43,6.2508,False,Qwen/Qwen2.5-3B-Instruct,n/a-local,0
17,valid,end_turn,195.0,False,1.0,1920,27,4.656,False,Qwen/Qwen2.5-3B-Instruct,n/a-local,0
18,valid,end_turn,171.0,False,1.0,2234,40,6.614,False,Qwen/Qwen2.5-3B-Instruct,n/a-local,0
19,valid,end_turn,193.0,False,1.0,2156,39,6.1327,False,Qwen/Qwen2.5-3B-Instruct,n/a-local,0
20,valid,end_turn,171.0,False,1.0,2116,27,4.7427,False,Qwen/Qwen2.5-3B-Instruct,n/a-local,0
21,valid,end_turn,171.0,False,1.0,2102,39,6.6077,False,Qwen/Qwen2.5-3B-Instruct,n/a-local,0
22,valid,end_turn,289.0,False,1.0,1851,39,5.7418,False,Qwen/Qwen2.5-3B-Instruct,n/a-local,0
23,valid,end_turn,290.0,False,1.0,1828,39,6.0113,False,Qwen/Qwen2.5-3B-Instruct,n/a-local,0
24,valid,end_turn,288.0,False,0.9,1921,36,5.6849,False,Qwen/Qwen2.5-3B-Instruct,n/a-local,0
25,valid,end_turn,293.0,False,1.0,2063,39,6.4128,False,Qwen/Qwen2.5-3B-Instruct,n/a-local,0
26,valid,end_turn,293.0,False,1.0,2101,27,5.0861,False,Qwen/Qwen2.5-3B-Instruct,n/a-local,0
27,valid,end_turn,77.0,False,1.0,2214,40,6.6732,False,Qwen/Qwen2.5-3B-Instruct,n/a-local,0
28,valid,end_turn,117.0,False,1.0,1421,28,4.4711,False,Qwen/Qwen2.5-3B-Instruct,n/a-local,0
29,valid,end_turn,14.0,False,1.0,1489,27,4.0617,False,Qwen/Qwen2.5-3B-Instruct,n/a-local,0
30,valid,end_turn,4.0,False,1.0,2004,39,6.0139,False,Qwen/Qwen2.5-3B-Instruct,n/a-local,0
31,valid,end_turn,260.0,False,1.0,1252,39,5.3545,False,Qwen/Qwen2.5-3B-Instruct,n/a-local,0
32,valid,end_turn,88.0,False,1.0,1266,27,3.9865,False,Qwen/Qwen2.5-3B-Instruct,n/a-local,0
33,valid,end_turn,13.0,False,1.0,1578,40,5.7762,False,Qwen/Qwen2.5-3B-Instruct,n/a-local,0
34,valid,end_turn,23.0,False,1.0,1934,41,6.3227,False,Qwen/Qwen2.5-3B-Instruct,n/a-local,0
35,valid,end_turn,25.0,False,1.0,2073,28,5.1632,False,Qwen/Qwen2.5-3B-Instruct,n/a-local,0
36,valid,end_turn,288.0,False,1.0,1826,39,6.0006,False,Qwen/Qwen2.5-3B-Instruct,n/a-local,0
37,valid,end_turn,162.0,False,1.0,2168,27,4.7362,False,Qwen/Qwen2.5-3B-Instruct,n/a-local,0
38,valid,end_turn,184.0,False,0.9,2210,42,6.908,False,Qwen/Qwen2.5-3B-Instruct,n/a-local,0
39,valid,end_turn,243.0,False,1.0,1549,27,4.2481,False,Qwen/Qwen2.5-3B-Instruct,n/a-local,0
40,valid,end_turn,226.0,False,1.0,1310,30,4.5204,False,Qwen/Qwen2.5-3B-Instruct,n/a-local,0
41,valid,end_turn,128.0,False,1.0,1610,39,5.6745,False,Qwen/Qwen2.5-3B-Instruct,n/a-local,0
42,valid,end_turn,224.0,False,1.0,1423,39,5.4179,False,Qwen/Qwen2.5-3B-Instruct,n/a-local,0
43,valid,end_turn,160.0,False,1.0,1533,31,4.9045,False,Qwen/Qwen2.5-3B-Instruct,n/a-local,0
44,valid,end_turn,272.0,False,1.0,1546,27,4.2791,False,Qwen/Qwen2.5-3B-Instruct,n/a-local,0
45,valid,end_turn,210.0,False,1.0,1559,31,4.7164,False,Qwen/Qwen2.5-3B-Instruct,n/a-local,0
46,valid,end_turn,272.0,False,1.0,1420,27,4.4178,False,Qwen/Qwen2.5-3B-Instruct,n/a-local,0
47,valid,end_turn,207.0,False,1.0,2058,40,6.3834,False,Qwen/Qwen2.5-3B-Instruct,n/a-local,0
48,valid,end_turn,204.0,False,1.0,1968,27,4.7079,False,Qwen/Qwen2.5-3B-Instruct,n/a-local,0
49,valid,end_turn,53.0,False,1.0,1847,27,4.709,False,Qwen/Qwen2.5-3B-Instruct,n/a-local,0
50,valid,end_turn,72.0,False,1.0,1784,27,4.6393,False,Qwen/Qwen2.5-3B-Instruct,n/a-local,0
51,valid,end_turn,114.0,False,1.0,2096,37,6.5354,False,Qwen/Qwen2.5-3B-Instruct,n/a-local,0
52,valid,end_turn,219.0,False,1.0,2108,40,7.0797,False,Qwen/Qwen2.5-3B-Instruct,n/a-local,0
53,valid,end_turn,,True,0.0,1524,25,4.4193,False,Qwen/Qwen2.5-3B-Instruct,n/a-local,0
54,valid,end_turn,,True,0.0,1350,25,3.9419,False,Qwen/Qwen2.5-3B-Instruct,n/a-local,0
55,valid,end_turn,97.0,False,1.0,2138,39,6.2233,False,Qwen/Qwen2.5-3B-Instruct,n/a-local,0
56,valid,end_turn,73.0,False,0.9,1818,42,6.6259,False,Qwen/Qwen2.5-3B-Instruct,n/a-local,0
57,valid,end_turn,178.0,False,1.0,2124,28,4.8594,False,Qwen/Qwen2.5-3B-Instruct,n/a-local,0
58,valid,end_turn,196.0,False,1.0,2475,27,5.2762,False,Qwen/Qwen2.5-3B-Instruct,n/a-local,0
59,valid,end_turn,100.0,False,1.0,2106,27,4.8789,False,Qwen/Qwen2.5-3B-Instruct,n/a-local,0
60,valid,end_turn,102.0,False,1.0,2149,39,6.1662,False,Qwen/Qwen2.5-3B-Instruct,n/a-local,0
61,valid,end_turn,33.0,False,1.0,1940,39,6.5509,False,Qwen/Qwen2.5-3B-Instruct,n/a-local,0
62,valid,end_turn,112.0,False,1.0,1613,39,5.7008,False,Qwen/Qwen2.5-3B-Instruct,n/a-local,0
63,valid,end_turn,57.0,False,1.0,1055,27,3.742,False,Qwen/Qwen2.5-3B-Instruct,n/a-local,0
64,valid,end_turn,117.0,False,1.0,1275,39,5.3403,False,Qwen/Qwen2.5-3B-Instruct,n/a-local,0
65,valid,end_turn,277.0,False,0.9,1276,41,5.485,False,Qwen/Qwen2.5-3B-Instruct,n/a-local,0
66,valid,end_turn,3.0,False,1.0,1409,35,5.5481,False,Qwen/Qwen2.5-3B-Instruct,n/a-local,0
67,valid,end_turn,197.0,False,0.9,1598,43,5.9545,False,Qwen/Qwen2.5-3B-Instruct,n/a-local,0
68,valid,end_turn,,True,0.0,1351,25,4.0151,False,Qwen/Qwen2.5-3B-Instruct,n/a-local,0
69,valid,end_turn,,True,0.0,1878,25,4.3676,False,Qwen/Qwen2.5-3B-Instruct,n/a-local,0
70,valid,end_turn,270.0,False,1.0,1943,27,4.8585,False,Qwen/Qwen2.5-3B-Instruct,n/a-local,0
71,valid,end_turn,269.0,False,1.0,2070,27,5.2724,False,Qwen/Qwen2.5-3B-Instruct,n/a-local,0
72,valid,end_turn,119.0,False,1.0,1963,27,4.8854,False,Qwen/Qwen2.5-3B-Instruct,n/a-local,0
73,valid,end_turn,269.0,False,1.0,2083,27,4.985,False,Qwen/Qwen2.5-3B-Instruct,n/a-local,0
74,valid,end_turn,268.0,False,1.0,1727,27,4.6343,False,Qwen/Qwen2.5-3B-Instruct,n/a-local,0
75,valid,end_turn,234.0,False,1.0,1308,33,5.6001,False,Qwen/Qwen2.5-3B-Instruct,n/a-local,0
76,valid,end_turn,269.0,False,1.0,2296,27,5.068,False,Qwen/Qwen2.5-3B-Instruct,n/a-local,0
77,valid,end_turn,269.0,False,1.0,2055,27,5.1335,False,Qwen/Qwen2.5-3B-Instruct,n/a-local,0
78,valid,end_turn,196.0,False,1.0,1947,27,4.5602,False,Qwen/Qwen2.5-3B-Instruct,n/a-local,0
79,valid,end_turn,297.0,False,0.9,1802,42,6.158,False,Qwen/Qwen2.5-3B-Instruct,n/a-local,0
80,valid,end_turn,256.0,False,1.0,1673,39,5.7604,False,Qwen/Qwen2.5-3B-Instruct,n/a-local,0
81,valid,end_turn,197.0,False,1.0,1527,32,4.7931,False,Qwen/Qwen2.5-3B-Instruct,n/a-local,0
82,valid,end_turn,,True,0.0,1865,25,4.6081,False,Qwen/Qwen2.5-3B-Instruct,n/a-local,0
83,valid,end_turn,249.0,False,0.9,1571,43,6.2753,False,Qwen/Qwen2.5-3B-Instruct,n/a-local,0
84,valid,end_turn,97.0,False,1.0,2081,27,4.9003,False,Qwen/Qwen2.5-3B-Instruct,n/a-local,0
85,valid,end_turn,176.0,False,1.0,1991,27,4.9082,False,Qwen/Qwen2.5-3B-Instruct,n/a-local,0
86,valid,end_turn,95.0,False,1.0,1624,42,6.1923,False,Qwen/Qwen2.5-3B-Instruct,n/a-local,0
87,valid,end_turn,97.0,False,1.0,1605,27,4.5663,False,Qwen/Qwen2.5-3B-Instruct,n/a-local,0
88,valid,end_turn,97.0,False,1.0,2201,27,4.9663,False,Qwen/Qwen2.5-3B-Instruct,n/a-local,0
89,valid,end_turn,,True,0.0,1872,25,4.4873,False,Qwen/Qwen2.5-3B-Instruct,n/a-local,0
90,valid,end_turn,,True,0.0,1893,25,4.5648,False,Qwen/Qwen2.5-3B-Instruct,n/a-local,0
91,valid,end_turn,93.0,False,1.0,1647,39,5.7009,False,Qwen/Qwen2.5-3B-Instruct,n/a-local,0
92,valid,end_turn,39.0,False,1.0,1599,43,6.2015,False,Qwen/Qwen2.5-3B-Instruct,n/a-local,0
93,valid,end_turn,97.0,False,1.0,2234,27,5.2612,False,Qwen/Qwen2.5-3B-Instruct,n/a-local,0
94,valid,end_turn,211.0,False,0.9,2474,42,6.8769,False,Qwen/Qwen2.5-3B-Instruct,n/a-local,0
95,valid,end_turn,95.0,False,1.0,1672,39,6.1038,False,Qwen/Qwen2.5-3B-Instruct,n/a-local,0
96,valid,end_turn,93.0,False,1.0,1779,43,6.2258,False,Qwen/Qwen2.5-3B-Instruct,n/a-local,0
97,valid,end_turn,267.0,False,0.9,1888,41,6.5781,False,Qwen/Qwen2.5-3B-Instruct,n/a-local,0
98,valid,end_turn,97.0,False,1.0,2156,40,6.3701,False,Qwen/Qwen2.5-3B-Instruct,n/a-local,0
99,valid,end_turn,,True,0.0,1368,25,3.8095,False,Qwen/Qwen2.5-3B-Instruct,n/a-local,0
100,valid,end_turn,73.0,False,0.9,2488,41,7.0709,False,Qwen/Qwen2.5-3B-Instruct,n/a-local,0
101,valid,end_turn,66.0,False,1.0,1972,27,4.8956,False,Qwen/Qwen2.5-3B-Instruct,n/a-local,0
102,valid,end_turn,,True,0.0,1402,25,4.1163,False,Qwen/Qwen2.5-3B-Instruct,n/a-local,0
103,valid,end_turn,162.0,False,1.0,1473,27,4.3058,False,Qwen/Qwen2.5-3B-Instruct,n/a-local,0
104,valid,end_turn,,True,0.0,1221,25,3.84,False,Qwen/Qwen2.5-3B-Instruct,n/a-local,0
105,valid,end_turn,66.0,False,0.9,2452,40,7.0133,False,Qwen/Qwen2.5-3B-Instruct,n/a-local,0
