variant,seed,rid,top1,rr
bm25,42,3,1.0,1.0
bm25,42,4,1.0,1.0
bm25,42,10,1.0,1.0
bm25,42,11,0.0,0.0
bm25,42,25,0.0,0.5
bm25,42,27,0.0,0.5
bm25,42,37,1.0,1.0
bm25,42,38,1.0,1.0
bm25,42,43,1.0,1.0
bm25,42,47,1.0,1.0
bm25,42,50,0.0,0.5
bm25,42,53,0.0,0.0
bm25,43,6,0.0,0.5
bm25,43,7,1.0,1.0
bm25,43,13,0.0,0.0
bm25,43,16,0.0,0.2
bm25,43,24,1.0,1.0
bm25,43,26,1.0,1.0
bm25,43,35,0.0,0.0
bm25,43,39,1.0,1.0
bm25,43,43,1.0,1.0
bm25,43,45,0.0,0.5
bm25,43,50,0.0,0.5
bm25,43,52,1.0,1.0
bm25,44,2,1.0,1.0
bm25,44,5,0.0,0.5
bm25,44,13,0.0,0.0
bm25,44,14,1.0,1.0
bm25,44,21,0.0,0.0
bm25,44,27,0.0,0.5
bm25,44,33,1.0,1.0
bm25,44,37,1.0,1.0
bm25,44,44,0.0,0.3333333333333333
bm25,44,46,1.0,1.0
bm25,44,50,0.0,0.5
bm25,44,54,0.0,0.0
bm25,45,5,0.0,0.5
bm25,45,7,1.0,1.0
bm25,45,11,0.0,0.0
bm25,45,17,0.0,0.0
bm25,45,26,1.0,1.0
bm25,45,28,1.0,1.0
bm25,45,36,0.0,0.0
bm25,45,37,1.0,1.0
bm25,45,44,0.0,0.3333333333333333
bm25,45,46,1.0,1.0
bm25,45,49,0.0,0.3333333333333333
bm25,45,56,0.0,0.0
bm25,46,5,0.0,0.5
bm25,46,6,0.0,0.5
bm25,46,13,0.0,0.0
bm25,46,15,0.0,0.0
bm25,46,24,1.0,1.0
bm25,46,27,0.0,0.5
bm25,46,32,1.0,1.0
bm25,46,33,1.0,1.0
bm25,46,46,1.0,1.0
bm25,46,47,1.0,1.0
bm25,46,51,1.0,1.0
bm25,46,52,1.0,1.0
bm25,47,1,1.0,1.0
bm25,47,6,0.0,0.5
bm25,47,9,0.0,0.5
bm25,47,10,1.0,1.0
bm25,47,21,0.0,0.0
bm25,47,25,0.0,0.5
bm25,47,34,1.0,1.0
bm25,47,37,1.0,1.0
bm25,47,40,1.0,1.0
bm25,47,43,1.0,1.0
bm25,47,50,0.0,0.5
bm25,47,52,1.0,1.0
bm25,48,0,1.0,1.0
bm25,48,6,0.0,0.5
bm25,48,8,0.0,0.0
bm25,48,18,0.0,0.0
bm25,48,22,1.0,1.0
bm25,48,24,1.0,1.0
bm25,48,31,0.0,0.0
bm25,48,37,1.0,1.0
bm25,48,41,0.0,0.2
bm25,48,46,1.0,1.0
bm25,48,48,1.0,1.0
bm25,48,52,1.0,1.0
bm25,49,4,1.0,1.0
bm25,49,7,1.0,1.0
bm25,49,11,0.0,0.0
bm25,49,14,1.0,1.0
bm25,49,22,1.0,1.0
bm25,49,23,1.0,1.0
bm25,49,31,0.0,0.0
bm25,49,36,0.0,0.0
bm25,49,41,0.0,0.2
bm25,49,46,1.0,1.0
bm25,49,50,0.0,0.5
bm25,49,52,1.0,1.0
bm25,50,0,1.0,1.0
bm25,50,3,1.0,1.0
bm25,50,10,1.0,1.0
bm25,50,14,1.0,1.0
bm25,50,26,1.0,1.0
bm25,50,28,1.0,1.0
bm25,50,33,1.0,1.0
bm25,50,37,1.0,1.0
bm25,50,41,0.0,0.2
bm25,50,45,0.0,0.5
bm25,50,51,1.0,1.0
bm25,50,57,0.0,0.0
bm25,51,2,1.0,1.0
bm25,51,7,1.0,1.0
bm25,51,8,0.0,0.0
bm25,51,9,0.0,0.5
bm25,51,21,0.0,0.0
bm25,51,23,1.0,1.0
bm25,51,33,1.0,1.0
bm25,51,39,1.0,1.0
bm25,51,42,1.0,1.0
bm25,51,45,0.0,0.5
bm25,51,50,0.0,0.5
bm25,51,54,0.0,0.0
bm25,52,2,1.0,1.0
bm25,52,6,0.0,0.5
bm25,52,9,0.0,0.5
bm25,52,13,0.0,0.0
bm25,52,22,1.0,1.0
bm25,52,24,1.0,1.0
bm25,52,31,0.0,0.0
bm25,52,32,1.0,1.0
bm25,52,40,1.0,1.0
bm25,52,46,1.0,1.0
bm25,52,51,1.0,1.0
bm25,52,57,0.0,0.0
bm25,53,0,1.0,1.0
bm25,53,1,1.0,1.0
bm25,53,12,0.0,0.0
bm25,53,14,1.0,1.0
bm25,53,20,0.0,0.0
bm25,53,22,1.0,1.0
bm25,53,33,1.0,1.0
bm25,53,34,1.0,1.0
bm25,53,42,1.0,1.0
bm25,53,47,1.0,1.0
bm25,53,50,0.0,0.5
bm25,53,57,0.0,0.0
bm25,54,0,1.0,1.0
bm25,54,5,0.0,0.5
bm25,54,12,0.0,0.0
bm25,54,16,0.0,0.2
bm25,54,20,0.0,0.0
bm25,54,28,1.0,1.0
bm25,54,35,0.0,0.0
bm25,54,39,1.0,1.0
bm25,54,44,0.0,0.3333333333333333
bm25,54,46,1.0,1.0
bm25,54,49,0.0,0.3333333333333333
bm25,54,54,0.0,0.0
bm25,55,3,1.0,1.0
bm25,55,5,0.0,0.5
bm25,55,8,0.0,0.0
bm25,55,18,0.0,0.0
bm25,55,23,1.0,1.0
bm25,55,25,0.0,0.5
bm25,55,32,1.0,1.0
bm25,55,37,1.0,1.0
bm25,55,45,0.0,0.5
bm25,55,46,1.0,1.0
bm25,55,48,1.0,1.0
bm25,55,57,0.0,0.0
bm25,56,1,1.0,1.0
bm25,56,7,1.0,1.0
bm25,56,12,0.0,0.0
bm25,56,18,0.0,0.0
bm25,56,24,1.0,1.0
bm25,56,27,0.0,0.5
bm25,56,30,0.0,0.0
bm25,56,36,0.0,0.0
bm25,56,43,1.0,1.0
bm25,56,47,1.0,1.0
bm25,56,48,1.0,1.0
bm25,56,53,0.0,0.0
bm25,57,1,1.0,1.0
bm25,57,6,0.0,0.5
bm25,57,11,0.0,0.0
bm25,57,19,0.0,0.0
bm25,57,20,0.0,0.0
bm25,57,23,1.0,1.0
bm25,57,30,0.0,0.0
bm25,57,35,0.0,0.0
bm25,57,42,1.0,1.0
bm25,57,43,1.0,1.0
bm25,57,49,0.0,0.3333333333333333
bm25,57,56,0.0,0.0
bm25,58,2,1.0,1.0
bm25,58,4,1.0,1.0
bm25,58,8,0.0,0.0
bm25,58,9,0.0,0.5
bm25,58,21,0.0,0.0
bm25,58,25,0.0,0.5
bm25,58,33,1.0,1.0
bm25,58,35,0.0,0.0
bm25,58,42,1.0,1.0
bm25,58,47,1.0,1.0
bm25,58,51,1.0,1.0
bm25,58,55,0.0,0.0
bm25,59,1,1.0,1.0
bm25,59,2,1.0,1.0
bm25,59,9,0.0,0.5
bm25,59,13,0.0,0.0
bm25,59,23,1.0,1.0
bm25,59,24,1.0,1.0
bm25,59,35,0.0,0.0
bm25,59,38,1.0,1.0
bm25,59,40,1.0,1.0
bm25,59,43,1.0,1.0
bm25,59,50,0.0,0.5
bm25,59,52,1.0,1.0
bm25,60,3,1.0,1.0
bm25,60,5,0.0,0.5
bm25,60,12,0.0,0.0
bm25,60,18,0.0,0.0
bm25,60,23,1.0,1.0
bm25,60,25,0.0,0.5
bm25,60,33,1.0,1.0
bm25,60,37,1.0,1.0
bm25,60,40,1.0,1.0
bm25,60,43,1.0,1.0
bm25,60,51,1.0,1.0
bm25,60,53,0.0,0.0
bm25,61,0,1.0,1.0
bm25,61,3,1.0,1.0
bm25,61,9,0.0,0.5
bm25,61,12,0.0,0.0
bm25,61,23,1.0,1.0
bm25,61,24,1.0,1.0
bm25,61,30,0.0,0.0
bm25,61,37,1.0,1.0
bm25,61,40,1.0,1.0
bm25,61,43,1.0,1.0
bm25,61,51,1.0,1.0
bm25,61,55,0.0,0.0
bm25,62,5,0.0,0.5
bm25,62,6,0.0,0.5
bm25,62,12,0.0,0.0
bm25,62,14,1.0,1.0
bm25,62,23,1.0,1.0
bm25,62,29,0.0,0.5
bm25,62,32,1.0,1.0
bm25,62,38,1.0,1.0
bm25,62,41,0.0,0.2
bm25,62,47,1.0,1.0
bm25,62,48,1.0,1.0
bm25,62,56,0.0,0.0
bm25,63,0,1.0,1.0
bm25,63,1,1.0,1.0
bm25,63,15,0.0,0.0
bm25,63,17,0.0,0.0
bm25,63,21,0.0,0.0
bm25,63,28,1.0,1.0
bm25,63,30,0.0,0.0
bm25,63,31,0.0,0.0
bm25,63,43,1.0,1.0
bm25,63,47,1.0,1.0
bm25,63,51,1.0,1.0
bm25,63,54,0.0,0.0
bm25,64,1,1.0,1.0
bm25,64,6,0.0,0.5
bm25,64,8,0.0,0.0
bm25,64,18,0.0,0.0
bm25,64,23,1.0,1.0
bm25,64,25,0.0,0.5
bm25,64,31,0.0,0.0
bm25,64,32,1.0,1.0
bm25,64,40,1.0,1.0
bm25,64,41,0.0,0.2
bm25,64,49,0.0,0.3333333333333333
bm25,64,54,0.0,0.0
bm25,65,0,1.0,1.0
bm25,65,5,0.0,0.5
bm25,65,10,1.0,1.0
bm25,65,17,0.0,0.0
bm25,65,23,1.0,1.0
bm25,65,26,1.0,1.0
bm25,65,30,0.0,0.0
bm25,65,33,1.0,1.0
bm25,65,42,1.0,1.0
bm25,65,45,0.0,0.5
bm25,65,48,1.0,1.0
bm25,65,54,0.0,0.0
bm25,66,0,1.0,1.0
bm25,66,6,0.0,0.5
bm25,66,13,0.0,0.0
bm25,66,14,1.0,1.0
bm25,66,22,1.0,1.0
bm25,66,25,0.0,0.5
bm25,66,36,0.0,0.0
bm25,66,39,1.0,1.0
bm25,66,43,1.0,1.0
bm25,66,46,1.0,1.0
bm25,66,51,1.0,1.0
bm25,66,55,0.0,0.0
bm25,67,2,1.0,1.0
bm25,67,6,0.0,0.5
bm25,67,14,1.0,1.0
bm25,67,18,0.0,0.0
bm25,67,20,0.0,0.0
bm25,67,24,1.0,1.0
bm25,67,33,1.0,1.0
bm25,67,39,1.0,1.0
bm25,67,42,1.0,1.0
bm25,67,44,0.0,0.3333333333333333
bm25,67,49,0.0,0.3333333333333333
bm25,67,53,0.0,0.0
bm25,68,1,1.0,1.0
bm25,68,3,1.0,1.0
bm25,68,16,0.0,0.2
bm25,68,19,0.0,0.0
bm25,68,22,1.0,1.0
bm25,68,23,1.0,1.0
bm25,68,30,0.0,0.0
bm25,68,35,0.0,0.0
bm25,68,43,1.0,1.0
bm25,68,45,0.0,0.5
bm25,68,48,1.0,1.0
bm25,68,57,0.0,0.0
bm25,69,3,1.0,1.0
bm25,69,4,1.0,1.0
bm25,69,8,0.0,0.0
bm25,69,10,1.0,1.0
bm25,69,23,1.0,1.0
bm25,69,27,0.0,0.5
bm25,69,37,1.0,1.0
bm25,69,38,1.0,1.0
bm25,69,42,1.0,1.0
bm25,69,44,0.0,0.3333333333333333
bm25,69,50,0.0,0.5
bm25,69,56,0.0,0.0
bm25,70,6,0.0,0.5
bm25,70,7,1.0,1.0
bm25,70,8,0.0,0.0
bm25,70,12,0.0,0.0
bm25,70,21,0.0,0.0
bm25,70,22,1.0,1.0
bm25,70,38,1.0,1.0
bm25,70,39,1.0,1.0
bm25,70,45,0.0,0.5
bm25,70,46,1.0,1.0
bm25,70,51,1.0,1.0
bm25,70,57,0.0,0.0
bm25,71,1,1.0,1.0
bm25,71,3,1.0,1.0
bm25,71,13,0.0,0.0
bm25,71,17,0.0,0.0
bm25,71,24,1.0,1.0
bm25,71,26,1.0,1.0
bm25,71,31,0.0,0.0
bm25,71,34,1.0,1.0
bm25,71,40,1.0,1.0
bm25,71,47,1.0,1.0
bm25,71,49,0.0,0.3333333333333333
bm25,71,56,0.0,0.0
